,backend,innerp,new_shots,qubits,layers,parameters,samples,cnots,mean,std,p=0,p=5,p=25,p=50,p=75,p=95,p=100
0,aer_simulator,HTest,[1000],3,0,3,50,[6],0.4694415831443123,0.7968499780081808,0.0040791960518781,0.0107353035421842,0.0517535514088279,0.1589803697874487,0.4042624027260144,1.8669764372684816,4.027493579485029
1,aer_simulator,HTest,[1000],3,1,6,50,[12],0.2598432667611725,0.570122675768287,0.0021719847571123,0.0041034872139322,0.0254250082215818,0.0681228343106889,0.1718380492194917,1.1652776188353655,3.513429801098149
2,aer_simulator,HTest,[1000],3,2,9,50,[18],0.549634395155686,1.7678699562064075,0.0072850534831353,0.0174110577980228,0.0618285098834333,0.1151368529369428,0.2756017083074858,1.2456104260355891,11.861533489318017
3,aer_simulator,HTest,[1000],3,3,12,50,[24],0.2640414121947003,0.7451271840205481,0.0009771100984227,0.0048280100870172,0.0325507981507187,0.0689503392163812,0.1789452755393723,0.8797639163560771,4.995937106950075
4,aer_simulator,HTest,[1000],3,4,15,50,[30],0.4648583203001329,0.863131980972563,0.000391003307858,0.0062327461232671,0.0310130077326511,0.0859805475826826,0.3890132202469809,2.596876194860029,3.529627383128524
5,aer_simulator,HTest,[1000],3,5,18,50,[36],0.3818427290585209,1.0015789448670014,0.0028649937621583,0.0104503525618282,0.0236208630165069,0.0837704207036035,0.2196850420415929,1.1932847706621097,6.767673005799293
