,backend,innerp,new_shots,qubits,layers,parameters,samples,cnots,mean,std,p=0,p=5,p=25,p=50,p=75,p=95,p=100
0,aer_simulator,Overlap,1000,2,1,4,50,[0],0.1954118603571227,0.3100549980253839,0.0011118370314989,0.0071064117267342,0.0292302015001439,0.0526343053899801,0.2215850312304146,1.0,1.0
2,aer_simulator,Overlap,1000,3,1,6,50,[0],0.3087004486331204,0.6363466165048373,0.0005593502617578,0.0078530550959375,0.0251856661846903,0.0633448085582355,0.2021588288074058,1.1563304669345789,3.9507895060079536
3,aer_simulator,Overlap,1000,4,1,8,50,[0],0.6967896119190131,2.0590088203876125,0.0016930467049682,0.0064273921400223,0.0410634016837806,0.1461207545948122,0.5745777505060359,1.2292423569198765,14.145754518865864
5,aer_simulator,Overlap,1000,5,1,10,50,[0],0.530039643041903,0.4451281111169413,0.0059226367509879,0.0143052574975324,0.1425599791271948,0.442825304348506,1.0,1.0,1.830418182034984
6,aer_simulator,Overlap,1000,6,1,12,50,[0],0.6262350263817322,0.5474292600271875,0.0004718285434277,0.0370761807356467,0.1353999817598798,0.4634741937039943,1.0,1.4211936032778063,2.426045023804444
7,aer_simulator,Overlap,1000,7,1,14,50,[0],0.8712097299184814,1.021376732000718,0.0332543840002466,0.0961140276795214,0.1855631974046926,1.0,1.0,1.8586858604363587,6.9303621703743055
8,aer_simulator,Overlap,1000,8,1,16,50,[0],1.311332334940946,2.3415940546231,0.055443113297102,0.3324839926433671,1.0,1.0,1.0,1.902107446119817,17.209684689886817
9,aer_simulator,Overlap,1000,9,1,18,50,[0],1.1591662036757202,1.4136394440857218,0.1364274574618721,0.2044299047285676,1.0,1.0,1.0,1.6311130770773383,10.207520137035466
11,aer_simulator,Overlap,1000,10,1,20,50,[0],1.4201100052398037,2.6009922566647496,0.0349594133688497,0.2307576053486107,1.0,1.0,1.0,2.757648743390188,18.94303336012855
