,backend,innerp,new_shots,qubits,layers,parameters,samples,cnots,mean,std,p=0,p=5,p=25,p=50,p=75,p=95,p=100
1,aer_simulator,HTest,[1000],3,0,3,50,[6],0.0242020417125115,0.0176910012841588,0.0005675143120002,0.0032355256287284,0.0125448587575697,0.0217635474449122,0.0318141161094761,0.060206995167737,0.0872824889991159
3,aer_simulator,HTest,[1000],3,1,6,50,[12],0.0246335506925184,0.0164353279637143,9.444993567364612e-05,0.0026891059573071,0.0107031520468731,0.0210202159861482,0.0354603499903146,0.0518604525695599,0.0698682793901572
5,aer_simulator,HTest,[1000],3,2,9,50,[18],0.0293893919819086,0.0203857814354885,0.00133317386959,0.0034642976867776,0.0151942687686478,0.0299403572292618,0.0410702081367769,0.0593101499917119,0.108864060916284
7,aer_simulator,HTest,[1000],3,3,12,50,[24],0.0244462415535712,0.0167887601876367,0.0025091716827937,0.0029449310504928,0.0123157978336042,0.0210004939034407,0.0322271195861822,0.0598891328669089,0.0691789037797676
9,aer_simulator,HTest,[1000],3,4,15,50,[30],0.0239357141672657,0.0189702061145093,0.0001587614538991,0.0016058688903767,0.0070079428061531,0.0237584484904944,0.035010499761839,0.0602519735074267,0.0744996741570342
11,aer_simulator,HTest,[1000],3,5,18,50,[36],0.0245719358944197,0.0181584826539655,0.0010832976844552,0.0033926442789116,0.010839098361483,0.0213194049662269,0.0342548536979381,0.0595471894113923,0.0834699103321988
