,backend,innerp,new_shots,qubits,layers,parameters,samples,cnots,mean,std,p=0,p=5,p=25,p=50,p=75,p=95,p=100
0,aer_simulator,HTest,[1000],3,0,3,50,[6],0.0245242591127392,0.0178603092642823,0.0006246107241373,0.0037362758539201,0.0110194536071209,0.0214285871823333,0.0337476541987254,0.0542874538227057,0.0851395989189468
1,aer_simulator,HTest,[1000],3,1,6,50,[12],0.0207402989787342,0.0172631192435682,0.0001852089124912,0.0015279916912084,0.0067369582710679,0.0170168512463902,0.0295269520357402,0.0540216974605732,0.071182219924348
2,aer_simulator,HTest,[1000],3,2,9,50,[18],0.0257921710090166,0.0178125091982715,0.0048640609162839,0.0055139629640093,0.0138398695362791,0.0208675160649669,0.032289048443807,0.0590192879935399,0.0810417490019981
3,aer_simulator,HTest,[1000],3,3,12,50,[24],0.0208956720173327,0.0187794765663755,0.0004616470464465,0.0018622881354335,0.0066631654724247,0.0162040641483218,0.0269763861315774,0.0568528117438704,0.0795129088480259
4,aer_simulator,HTest,[1000],3,4,15,50,[30],0.0212119110076543,0.017519359958299,0.0003048633775402,0.0029971559393104,0.0077903167026268,0.0162659834988495,0.0296779493377813,0.0569163991579955,0.0735181773528912
5,aer_simulator,HTest,[1000],3,5,18,50,[36],0.0217530686235586,0.0157274270282232,0.00073125000318,0.0019552437032998,0.008964913976216,0.0193609795154783,0.0321862157738786,0.0494465992773265,0.0600090952849155
