,backend,innerp,new_shots,qubits,layers,parameters,samples,cnots,mean,std,p=0,p=5,p=25,p=50,p=75,p=95,p=100
0,aer_simulator,HTest,10,5,3,20,50,[40],250.2640232124716,605.5186422131659,0.1568879663057008,0.3279896071194859,1.0,11.271170122642388,92.51784430562452,1194.8518671164782,2981.1490581316407
1,aer_simulator,HTest,100,5,3,20,50,[40],91.00856395931812,422.9813420328031,0.0251356625869902,0.0828219027713837,0.3798860188190005,1.3829036110627295,9.501644221472391,324.69854161138164,2981.1490581316407
3,aer_simulator,HTest,1000,5,3,20,50,[40],16.803007378488225,72.69123359889548,0.0034834289925534,0.0561161406408708,0.1880971200905057,0.4031461125128041,0.8431015541085575,43.089005257689465,410.1394039250768
4,aer_simulator,HTest,10000,5,3,20,50,[40],0.8914549705921629,2.9900631937565394,0.0016580142021219,0.0069750670781926,0.0596420348283358,0.2249694808730191,0.5052869150667001,1.3979001930166288,19.45965909473288
5,aer_simulator,HTest,100000,5,3,20,50,[40],0.142620901713369,0.240927521730135,0.0002043875698904,0.0025980564416564,0.015440381791921,0.0512393068239386,0.1139187656485626,0.7127103321274073,0.997335314839146
