,backend,innerp,new_shots,qubits,layers,parameters,samples,cnots,mean,std,p=0,p=5,p=25,p=50,p=75,p=95,p=100
0,aer_simulator,HTest,[1000],2,1,4,50,[8],0.4542858571176707,1.2568864314731607,0.0006946713463971,0.0017563002016349,0.0104454313527749,0.069099186185048,0.1017042462123897,2.4303082071762527,7.548599735179973
2,aer_simulator,HTest,[1000],3,1,6,50,[12],0.347876736617809,0.665010383956402,0.0003901367243187,0.0046264659407087,0.0281615297386016,0.1089785678558648,0.3890987835600711,1.348843937115577,4.1820860679275045
3,aer_simulator,HTest,[1000],4,1,8,50,[16],0.4639615541515337,0.9182851910244084,0.0012127783688643,0.011390697972525,0.0649721464524725,0.1323211976764111,0.4531880988162638,1.730971381133933,5.387306793198729
5,aer_simulator,HTest,[1000],5,1,10,50,[20],4.511203963039125,19.22336025122456,0.0103931154303136,0.0129268109933261,0.1201949634812296,0.4562766846548068,1.812847800251041,13.971191783509717,136.50887271184504
6,aer_simulator,HTest,[1000],6,1,12,50,[24],2.922975756535344,10.139528213412238,0.0076539490932829,0.0356688754265828,0.1931568628585776,0.5043685832305034,1.4299945866189072,7.772365983261876,70.73737710462024
7,aer_simulator,HTest,[1000],7,1,14,50,[28],13.947047381865056,81.5756417052046,0.0082479906205837,0.0791195024342638,0.2980189067242605,0.7774084588163626,2.210292107936362,12.486526248394831,583.9400932777334
8,aer_simulator,HTest,[1000],8,1,16,50,[32],53.895976954880574,168.93301252105547,0.0228332815139544,0.1709016413546256,0.7312554460609592,2.0259168815073703,5.389634920183399,295.6584744448285,907.5623839852288
9,aer_simulator,HTest,[1000],9,1,18,50,[36],22.154058027882236,91.87558400755442,0.0236494817989936,0.1040635513757723,0.911840185555758,2.9548384064316764,12.8647385260772,37.125051558845776,659.4788168126458
11,aer_simulator,HTest,[1000],10,1,20,50,[40],96.86268969647848,464.32571389026896,0.0152864078803836,0.0819183920205169,0.7963761233210522,5.432900458329439,14.405906067397664,217.65982773273112,3310.964870988126
