,backend,innerp,new_shots,qubits,layers,parameters,samples,cnots,mean,std,p=0,p=5,p=25,p=50,p=75,p=95,p=100
0,aer_simulator,HTest,[1000],10,0,10,50,[20],623.8095133287974,2080.1750594405444,0.0921482958653305,0.3266961921057291,2.085094628345169,26.8927970668574,105.0419275616143,4073.40960144725,10403.607641434386
1,aer_simulator,HTest,[1000],10,1,20,50,[40],140.53309197391962,822.1749312425064,0.0378919305090264,0.1303161798432001,0.4880402494526229,3.677700483799507,20.442653887326937,163.1333840970799,5886.937548423336
2,aer_simulator,HTest,[1000],10,2,30,50,[60],59.22228014914784,251.8321500610368,0.0043639305604232,0.2158827817564918,1.0401811690929863,5.241332887753556,14.77744746159675,146.48612552966313,1787.7845680794037
3,aer_simulator,HTest,[1000],10,3,40,50,[80],131.22633293615084,634.6145158389863,0.1304802462227764,0.2393958168929739,0.6523751612474485,2.801780437171581,11.660330573605467,468.0297883612991,4450.047566604306
4,aer_simulator,HTest,[1000],10,4,50,50,[100],18.86089592051182,72.98570816740992,0.0340445676486327,0.2391899642353029,0.6047659352059799,1.5451696443877794,7.877502219996052,32.13135594954026,458.4707323412108
5,aer_simulator,HTest,[1000],10,5,60,50,[120],7.164143279505736,21.130058503499445,0.0255766876911912,0.134253622127477,0.7123573177696522,2.2153188444464584,5.459684296361564,21.23006321978625,149.39585774818124
