,backend,innerp,new_shots,qubits,layers,parameters,samples,cnots,mean,std,p=0,p=5,p=25,p=50,p=75,p=95,p=100
0,aer_simulator,Overlap,10,5,3,20,50,[0],1.2526526511935947,1.3526689066182491,0.2360838726692128,0.6166606361896321,1.0,1.0,1.0,2.6372668793576617,9.409164212533124
1,aer_simulator,Overlap,100,5,3,20,50,[0],0.8797619786482934,0.7440863548966761,0.0046302256881201,0.0545699536670636,0.3755618830334414,1.0,1.0,1.1374634767504606,4.610983452717145
3,aer_simulator,Overlap,1000,5,3,20,50,[0],0.673110934840818,1.6752493852153745,0.0062822565596466,0.0187272686008741,0.0658985307629009,0.2446168715506297,1.0,1.0086728357996202,12.040618406958975
4,aer_simulator,Overlap,10000,5,3,20,50,[0],0.2499977380872035,0.355881130268881,0.0026246244973297,0.0044160182499821,0.0386457952569122,0.087018218824189,0.2578533244398089,1.0,1.1718488154149982
5,aer_simulator,Overlap,100000,5,3,20,50,[0],0.1093798384001811,0.2047010111279653,0.0010079567861876,0.0031962084974547,0.0124315848855902,0.0297993926484909,0.0813320848066211,0.6184420659757084,1.0273146150151682
