,backend,innerp,new_shots,qubits,layers,parameters,samples,cnots,mean,std,p=0,p=5,p=25,p=50,p=75,p=95,p=100
0,aer_simulator,HTest,10,5,3,20,50,[40],9.089364992953492,12.878423594151462,0.1646861667360702,0.445116682508931,1.0,3.732830865565228,10.319737888619668,34.464797535328884,55.60905655778756
1,aer_simulator,HTest,100,5,3,20,50,[40],3.729689683263787,8.789442063887371,0.0124898333252488,0.0558204814727231,0.2547860435135755,0.9124457904196398,2.5047348925069177,17.00803659754782,55.60905655778756
3,aer_simulator,HTest,1000,5,3,20,50,[40],1.360434727447938,3.913301758739725,0.016750694543045,0.0321507148245876,0.1003741768884927,0.2432615424294307,0.5952671313437561,6.500475057769152,21.276572785485147
4,aer_simulator,HTest,10000,5,3,20,50,[40],0.3211006337657033,0.6228204742308073,0.000828663759248,0.0034848400108603,0.0293865068465572,0.1125554080230363,0.2677849347871223,1.3822182622698922,3.523235467531276
5,aer_simulator,HTest,100000,5,3,20,50,[40],0.0974651438008344,0.220102930226082,0.0001021885636939,0.0012999630653028,0.007746386239968,0.0259569614409604,0.0586813574158029,0.4689048521075067,1.070991773525119
