,backend,innerp,new_shots,qubits,layers,parameters,samples,cnots,mean,std,p=0,p=5,p=25,p=50,p=75,p=95,p=100
1,aer_simulator,HTest,1000,5,0,5,50,[10],485.2462457444906,2790.0710916125468,0.0155176704002991,0.0921999032516863,0.3172153406330405,0.7348492237560555,6.522902486760551,751.2422161269061,19820.933624745856
3,aer_simulator,HTest,1000,5,1,10,50,[20],394.8182684512536,2645.4939295695794,0.0208942477089751,0.0260217974447149,0.2548674622126898,0.7860168088094355,2.073368099733478,192.49512625378628,18907.6900744824
5,aer_simulator,HTest,1000,5,2,15,50,[30],6.295385001448343,25.39599867092409,0.0667469249134607,0.0749554752265878,0.2065151529100757,0.4876692159418992,1.6189080770722253,22.5954767526432,177.18901339872878
7,aer_simulator,HTest,1000,5,3,20,50,[40],16.803007378488225,72.69123359889548,0.0034834289925534,0.0561161406408708,0.1880971200905057,0.4031461125128041,0.8431015541085575,43.089005257689465,410.1394039250768
9,aer_simulator,HTest,1000,5,4,25,50,[50],13.487600216276014,85.61531441682266,0.0103702621771651,0.0414765630959831,0.1937821498974207,0.3704684288775286,0.6802730651865739,6.058279401176374,612.0228572149515
11,aer_simulator,HTest,1000,5,5,30,50,[60],4.234329192534889,24.46408950946261,0.0062733722584116,0.0208523478322472,0.1458685079722524,0.3577715354731098,0.7756841221093143,4.154096334589406,175.28118731255566
