,backend,innerp,new_shots,qubits,layers,parameters,samples,cnots,mean,std,p=0,p=5,p=25,p=50,p=75,p=95,p=100
1,aer_simulator,Overlap,1000,5,0,5,50,[0],0.6065443281539808,0.5646509037191746,0.0014997052084725,0.0169535711259291,0.1189979447795323,0.547663455918389,1.0,1.0,3.2295413457801896
3,aer_simulator,Overlap,1000,5,1,10,50,[0],0.530039643041903,0.4451281111169413,0.0059226367509879,0.0143052574975324,0.1425599791271948,0.442825304348506,1.0,1.0,1.830418182034984
5,aer_simulator,Overlap,1000,5,2,15,50,[0],0.4676898726070045,0.4688003414141117,0.0049501234386217,0.0281313334894095,0.1215576476560479,0.2842855814463497,1.0,1.1049557392388352,2.2118667356577357
7,aer_simulator,Overlap,1000,5,3,20,50,[0],0.673110934840818,1.6752493852153745,0.0062822565596466,0.0187272686008741,0.0658985307629009,0.2446168715506297,1.0,1.0086728357996202,12.040618406958975
9,aer_simulator,Overlap,1000,5,4,25,50,[0],0.399808433134091,0.5741541072956124,0.0025683840536034,0.0103876292339981,0.0641746339387487,0.1855158456364314,0.3817570533115633,1.1160599386627714,3.1327500911503496
11,aer_simulator,Overlap,1000,5,5,30,50,[0],0.3729130594899992,0.4481981441098869,0.0014574600859672,0.0253399775520732,0.0672491283012706,0.1664026829956085,0.5414665002015999,1.0,2.2378235775769286
