,backend,innerp,new_shots,qubits,layers,parameters,samples,cnots,mean,std,p=0,p=5,p=25,p=50,p=75,p=95,p=100
0,aer_simulator,HTest,1000,2,1,4,50,[8],2.02301393943191,10.198156167522583,0.0013888601245146,0.0035157036329549,0.0210035051455427,0.1334236718054544,0.2100123145026128,4.981524205833063,72.07855743231912
2,aer_simulator,HTest,1000,3,1,6,50,[12],1.007613626911327,3.66271051105212,0.0007801212419737,0.0092200199269535,0.0559649838386547,0.2198176524633079,0.6623278245011363,2.021267546749226,25.854016015408344
3,aer_simulator,HTest,1000,4,1,8,50,[16],1.3395840295800452,3.671227897834643,0.0024240859063565,0.0229138644157827,0.1279588419323432,0.2821580488956519,0.750906276725464,5.37185022160236,18.68088089405826
5,aer_simulator,HTest,1000,5,1,10,50,[20],394.8182684512536,2645.4939295695794,0.0208942477089751,0.0260217974447149,0.2548674622126898,0.7860168088094355,2.073368099733478,192.49512625378628,18907.6900744824
6,aer_simulator,HTest,1000,6,1,12,50,[24],110.15016625186664,681.080583013636,0.0152493152498432,0.0714310676006831,0.3616511930455671,0.9344190487937808,3.001463310221677,65.74678927496014,4862.301765432011
7,aer_simulator,HTest,1000,7,1,14,50,[28],6871.43441784184,47897.67925845861,0.0164279518918902,0.1283075307170068,0.5188253987090006,0.9820411559009228,5.799592109091546,176.12454146772745,342153.9127237633
8,aer_simulator,HTest,1000,8,1,16,50,[32],31447.241345518083,136695.16598965338,0.0451452042832133,0.3323222636510958,0.936422253166199,3.5198884313528085,38.42792378546898,89051.31016960536,825484.6055929223
9,aer_simulator,HTest,1000,9,1,18,50,[36],8967.368551768755,61039.56599625309,0.0465020375808827,0.1017923790977747,0.964301818119952,9.265769612065087,139.773219087953,1452.7716948153432,436231.26745823264
11,aer_simulator,HTest,1000,10,1,20,50,[40],225129.2402670984,1534986.9885687337,0.0308064900266526,0.1646801791424987,0.9026639487661248,29.55440984982416,225.98183828603192,49504.4244948489,10969110.3066594
