,backend,innerp,rotations,new_shots,qubits,layers,parameters,samples,cnots,mean,qae,qae_method,max_power
0,aer_simulator,HTest,['ry'],[1000],5,0,5,50,"[10, 30, 50, 70, 90, 110, 130, 150, 170, 190]",3.050164455011818,True,iae,10
1,aer_simulator,HTest,['ry'],[1000],5,1,10,50,"[20, 60, 100, 140, 180, 220, 260, 300, 340, 380]",36.02873273442188,True,iae,10
2,aer_simulator,HTest,['ry'],[1000],5,2,15,50,"[30, 90, 150, 210, 270, 330, 390, 450, 510, 570]",2.0597979128409425,True,iae,10
3,aer_simulator,HTest,['ry'],[1000],5,3,20,50,"[40, 120, 200, 280, 360, 440, 520, 600, 680, 760]",0.725788539558827,True,iae,10
4,aer_simulator,HTest,['ry'],[1000],5,4,25,50,"[50, 150, 250, 350, 450, 550, 650, 750, 850, 950]",1.0172015887373862,True,iae,10
