,backend,innerp,new_shots,qubits,layers,parameters,samples,cnots,mean,std,p=0,p=5,p=25,p=50,p=75,p=95,p=100
0,aer_simulator,HTest,[1000],5,0,5,50,[10],10.151741478525643,50.65598817947687,0.0005004914465807,0.0295972153731437,0.1557206808658165,0.4133444388724895,1.464272621680489,21.097020227472147,361.0324287655892
1,aer_simulator,HTest,[1000],5,1,10,50,[20],21.14899222600937,116.23964018094202,0.0012904124758878,0.0182714012759737,0.0824358522599192,0.4272105642742705,1.3434284092392794,39.02771620472001,824.0532362710702
2,aer_simulator,HTest,[1000],5,2,15,50,[30],0.7733633587698907,1.2698941459419093,0.0129097292868668,0.0384994119507235,0.0874110160068327,0.230839320989816,0.8643986650549305,3.557393805189778,5.941696130672493
3,aer_simulator,HTest,[1000],5,3,20,50,[40],1.4105674074259216,2.440515299364931,0.0017659589063291,0.0324889680515167,0.1544791994583101,0.3829005835475532,1.46575932319954,7.005471812339589,11.560083008291151
4,aer_simulator,HTest,[1000],5,4,25,50,[50],0.8971604123919189,3.2467700982794163,0.0083006998802073,0.0158974697511566,0.0751239639312271,0.1635695465090937,0.4734701197385115,1.906586985207715,22.63387574458149
5,aer_simulator,HTest,[1000],5,5,30,50,[60],0.5053246321868815,0.805587672961772,0.0066734614362369,0.0134208942056996,0.0532875909728066,0.1629751304485081,0.3816760608860203,2.358760981928309,3.779753327914236
