,backend,innerp,new_shots,qubits,layers,parameters,samples,cnots,mean,std,relative,squared,sabre,mapomatic,DD,mem,p=0,p=5,p=25,p=50,p=75,p=95,p=100
0,ibmq_ehningen,Overlap,1000,5,0,5,50,[0],34.36045930184225,211.15008090004596,True,False,True,True,True,False,0.004796871844168,0.0261327531182705,0.2050630565225322,0.9908836887332424,1.0,22.166131001823032,1506.9603275852355
1,ibmq_ehningen,Overlap,1000,5,1,10,50,[4],320.1839382939871,2010.833288521813,True,False,True,True,True,False,0.0177068068179959,0.0329175499356606,0.2574595934218305,1.0,5.050646497915927,241.24976970105405,14366.030262286418
2,ibmq_ehningen,Overlap,1000,5,2,15,50,[8],46.98555195078893,169.5428889029858,True,False,True,True,True,False,0.0022068914311228,0.0551740698619809,0.3620920819803332,1.0988209512714335,6.03438417898525,299.48310571025564,1103.4773557772426
3,ibmq_ehningen,Overlap,1000,5,3,20,50,[12],57.51019277669887,181.9749081800327,True,False,True,True,True,False,0.0273619049528619,0.0509608453050228,0.3256362978086766,1.3697401164834782,8.927568488737274,324.9889921940858,1011.0969715260316
4,ibmq_ehningen,Overlap,1000,5,4,25,50,[16],45.53691589076828,265.76941747562694,True,False,True,True,True,False,0.0039974941790617,0.0519430637318851,0.3535320112271488,0.9051566935985828,1.9566608044236045,74.90087333097468,1898.8642269058375
5,ibmq_ehningen,Overlap,1000,5,5,30,50,[20],28.837411600155697,157.77999506218129,True,False,True,True,True,False,0.0054646507929174,0.052345764641518,0.2526923022174961,0.7318136512751112,2.167304135750608,49.97461673520866,1127.199598800354
