,backend,innerp,new_shots,qubits,layers,parameters,samples,cnots,mean,std,p=0,p=5,p=25,p=50,p=75,p=95,p=100
0,ibmq_ehningen,HTest,1000,5,0,5,50,[28],2.941435011087778,5.902371139970607,0.0056202732642389,0.1394962262362333,0.5037789191772577,0.8519631789604032,2.505007751284409,13.872657884148104,36.668203797516
1,ibmq_ehningen,HTest,1000,5,1,10,50,[80],32.04388682483046,201.9551650871701,0.0200282554607553,0.0889075401595539,0.8078761720386373,1.1782484823987642,1.951879182708803,18.33357824353557,1444.843163474373
2,ibmq_ehningen,HTest,1000,5,2,15,50,[149],11.166475998876228,22.63601964161628,0.0548831112094522,0.4960789252161316,1.822379483207405,3.826917617146835,7.930620753998765,32.9687581390873,134.48745761258937
3,ibmq_ehningen,HTest,1000,5,3,20,50,[213],1.610751900179488,2.0464366036915798,0.0921811311557524,0.3292342949815586,0.7296956851837506,0.9593716263838044,1.3421782417393042,6.3388829650862535,10.431804041613592
4,ibmq_ehningen,HTest,1000,5,4,25,50,[269],1.2925183809841,1.9647499072951864,0.1820395720407215,0.4705837743433444,0.8111483899411307,0.9677584401518806,1.093319002814614,2.0071502879081304,14.755917163054328
5,ibmq_ehningen,HTest,1000,5,5,30,50,[325],1.3974572378699497,2.399506788720365,0.021986662978876,0.1393291238929103,0.7820478377948099,1.0373743000714022,1.1908946279506736,2.69552387823357,17.463594796149035
