,backend,innerp,new_shots,qubits,layers,parameters,samples,cnots,mean,std,p=0,p=5,p=25,p=50,p=75,p=95,p=100
1,ibmq_ehningen,HTest,[1000],3,0,3,50,[9],0.5661156980867763,0.7776267929706882,0.0142549693972207,0.054614830217622,0.1426429610065253,0.2394763046536344,0.5782052158388336,2.1444987792444903,3.7937944419989535
3,ibmq_ehningen,HTest,[1000],3,1,6,50,[31],1.135105530270767,1.5552359764754464,0.0171059973839725,0.1626159031167274,0.5908939311907354,0.7570678838370295,1.0405745696809638,2.546533160140537,10.194023668903638
5,ibmq_ehningen,HTest,[1000],3,2,9,50,[63],1.2863972667600754,1.423815350929069,0.2216041628681216,0.3004242193628446,0.8301627820223838,1.0067168949037435,1.1533945585145775,2.908996155137831,9.799772510801594
7,ibmq_ehningen,HTest,[1000],3,3,12,50,[95],1.0293257750944835,0.3374388956591512,0.2021326047403497,0.5034929750846945,0.861279828921536,1.0169109865618382,1.195524630800035,1.451644977662282,2.0412247027978445
9,ibmq_ehningen,HTest,[1000],3,4,15,50,[127],1.6598565329701556,2.022111535092933,0.0948399812111839,0.5357501437759435,0.917205254999023,1.0785313839265578,1.5017241908102623,5.078145363258935,11.795499840627157
11,ibmq_ehningen,HTest,[1000],3,5,18,50,[159],2.1444812667702724,5.751858814374016,0.1290363925430166,0.5394942007910315,0.8569448318450236,1.1470645563464767,1.3670519020595049,3.773533819070151,41.722201531896005
