,backend,innerp,new_shots,qubits,layers,parameters,samples,cnots,mean,std,p=0,p=5,p=25,p=50,p=75,p=95,p=100
0,ibmq_ehningen,HTest,1000,5,0,5,50,[28],11.194722253075955,43.51035707440664,0.0573242337230255,0.2549954622267008,0.9369748942564834,1.6318743392827717,4.389199385107803,32.92009641212269,308.5944827561699
1,ibmq_ehningen,HTest,1000,5,1,10,50,[80],18.75854058746253,103.55574818382216,0.0061654359981997,0.1580050299085717,0.6712500658668163,0.9596547467090562,2.0563922236032752,15.906600440059083,737.504368228107
2,ibmq_ehningen,HTest,1000,5,2,15,50,[149],10.610711925149744,22.0703957035098,0.1053520554948502,0.419346632447581,1.5624290661745457,3.762399070031713,7.565870069558254,37.13604311552796,128.10317246981032
3,ibmq_ehningen,HTest,1000,5,3,20,50,[213],1.5124053506824262,1.3941607857689369,0.1443861958979382,0.2061718662839144,0.8769220547908335,1.094553338921971,1.473673623371003,4.865153575253992,7.094661546031877
4,ibmq_ehningen,HTest,1000,5,4,25,50,[269],1.3891796175307796,2.2871020094281613,0.2260941250235102,0.4409905904480652,0.7248348587146652,0.9278890722873804,1.1894953853146728,2.841005756677581,16.674249119670623
5,ibmq_ehningen,HTest,1000,5,5,30,50,[325],1.085726444919392,0.5496138747662893,0.0109114628438401,0.4307998017071055,0.8765892769594008,1.022580566260512,1.2013604497297363,1.9186707139547463,3.8125260027352743
