,backend,innerp,new_shots,qubits,layers,parameters,samples,cnots,mean,std,p=0,p=5,p=25,p=50,p=75,p=95,p=100
1,ibmq_ehningen,HTest,[1000],5,0,5,50,[28],6.751125027678247,16.13506042795004,0.0104922332262279,0.5760900316894024,1.1111718724880213,1.5280039124736984,2.681448633654543,45.92612223874112,81.45165083679758
3,ibmq_ehningen,HTest,[1000],5,1,10,50,[80],58.15683115979085,348.1406486256519,0.0431433393436379,0.2681302442384929,0.6422697342713527,1.0892439191895749,1.740461674054848,26.34675798039178,2476.1597088132107
5,ibmq_ehningen,HTest,[1000],5,2,15,50,[149],1.7628118721828483,2.3919462005734946,0.3336475283711693,0.4823200846540524,0.8449555796583633,1.0937199468121654,1.5895601342029952,4.497352408084151,15.56226810319158
11,ibmq_ehningen,HTest,[10],5,3,20,50,[213],12.837864910685395,27.445231789747734,0.1440094452576575,0.4288910630001555,1.0,2.030785240863992,6.251590859934762,63.35742287978537,154.9736368114241
13,ibmq_ehningen,HTest,[1000],5,4,25,50,[269],1.2020798644688917,1.0071396257595655,0.036220917668905,0.5420734169508293,0.7785880220946837,0.9752582452477342,1.302586329086616,2.3463876998385413,7.179929717153502
15,ibmq_ehningen,HTest,[1000],5,5,30,50,[325],1.0839005757135678,0.6154240071570325,0.0484740087992331,0.2255603916454698,0.8541953060590965,0.9773936182709392,1.1704084337513845,1.97258674135113,3.5709352763655167
