,backend,innerp,new_shots,qubits,layers,parameters,samples,cnots,mean,std,relative,squared,sabre,mapomatic,DD,mem,p=0,p=5,p=25,p=50,p=75,p=95,p=100
0,ibmq_ehningen,Overlap,1000,5,0,5,50,[0],0.7336148721401436,0.6215429386109849,True,False,True,True,False,True,0.0165886836713189,0.0582664784884585,0.2197189939325983,0.875146288132124,1.0,1.6940297324788736,2.936818513567849
1,ibmq_ehningen,Overlap,1000,5,1,10,50,[4],18844.959474774896,131891.31683847358,True,False,True,True,False,True,0.0158804006996144,0.0549325033099647,0.3265660250566745,0.854337622471389,1.0,9.211664804820424,942084.1703648978
2,ibmq_ehningen,Overlap,1000,5,2,15,50,[8],0.9517534622942216,1.0940110175932096,True,False,True,True,False,True,0.0066947546860569,0.0601922027221945,0.2303710763501823,1.0,1.0,2.365962717773705,6.9080021796218025
3,ibmq_ehningen,Overlap,1000,5,3,20,50,[12],1.4200230703873915,3.308486749720656,True,False,True,True,False,True,0.0513946114440502,0.1414323942174144,0.4070641504399066,1.0,1.0,2.287713416208093,21.953758941571365
4,ibmq_ehningen,Overlap,1000,5,4,25,50,[16],34.399342811918785,234.70705339804744,True,False,True,True,False,True,0.0282439281249585,0.0529448641136458,0.3776653427707229,0.9625458519894452,1.0,3.355519870114386,1677.3380760131813
5,ibmq_ehningen,Overlap,1000,5,5,30,50,[20],7.401811696362495,33.30564724652456,True,False,True,True,False,True,0.0029522046172253,0.0795367387996437,0.3215835925830419,0.6117846484258113,1.0,30.935105293660072,231.48938404487865
