,backend,innerp,new_shots,qubits,layers,parameters,samples,cnots,mean,std,p=0,p=5,p=25,p=50,p=75,p=95,p=100
1,ibmq_ehningen,Overlap,1000,5,0,5,50,[0],1.5076661515922558,2.4011192951369766,0.0118915381211254,0.0591893191683445,0.2572606058418302,1.0,1.0,6.890054075823551,12.400009542527863
3,ibmq_ehningen,Overlap,1000,5,1,10,50,[4],35.16897268581524,159.66274015421453,0.0187752849577401,0.048306831560176,0.1870010092247276,0.5991817337904408,1.952389769845042,65.61207308348415,1063.224463873068
5,ibmq_ehningen,Overlap,1000,5,2,15,50,[8],20.46609164323192,103.78699664077816,0.0064486315394043,0.0413144600889955,0.160865586043481,0.6517916544912961,2.454367415884405,50.22199877239812,735.3182371848283
7,ibmq_ehningen,Overlap,1000,5,3,20,50,[12],19.93395230457423,54.66894177228197,0.0117344404331595,0.0368480698388366,0.2299626592841759,0.6467961770963726,2.7528210599682503,113.0258986187047,286.0125740148448
9,ibmq_ehningen,Overlap,1000,5,4,25,50,[16],41.19924018025127,265.529164315116,0.0136738468864988,0.0513307928523185,0.2198248660085561,0.5058940162215633,2.264491281650298,22.06949746491121,1898.8642269058375
11,ibmq_ehningen,Overlap,1000,5,5,30,50,[20],21.943218119750917,118.44457075784813,0.0043441131702475,0.0102403951854959,0.2200041054606257,0.3898557063401296,1.3973291179699745,46.790631339241095,845.1496991002656
