,backend,innerp,new_shots,qubits,layers,parameters,samples,cnots,mean,std,p=0,p=5,p=25,p=50,p=75,p=95,p=100
0,ibmq_ehningen,HTest,10,5,3,20,50,[213],929.7071769065687,3577.1296796469987,0.1415132277254016,0.4259806245626627,1.0,4.305882360455824,40.166168256628325,4015.6906401917,24326.775380182025
1,ibmq_ehningen,HTest,100,5,3,20,50,[213],109.29398544390628,540.1644135663188,0.0429878990921921,0.1595415915062523,0.8738285195510564,0.9785135260527776,4.407567363923182,84.28678739231269,3607.400360339287
3,ibmq_ehningen,HTest,1000,5,3,20,50,[213],5.574724984233024,18.151294724961957,0.1787375573910325,0.4528608738821463,0.7477200312622647,0.9875598339696028,0.9990765065050724,27.858971667457787,120.42149490809835
4,ibmq_ehningen,HTest,10000,5,3,20,50,[213],0.9418596278367104,0.3552253495203171,0.1104107252060275,0.3194409660808705,0.9010120499781976,0.9923587001915346,0.9990922519184452,0.9999974161594932,2.6411475088602336
5,ibmq_ehningen,HTest,100000,5,3,20,50,[213],0.957179956905569,0.1475916415019766,0.4377281793672145,0.6639022491049875,0.9720637414720384,0.9960107941229244,0.9994061710632772,0.9999644666486904,1.5642556485173178
