,backend,innerp,new_shots,qubits,layers,parameters,samples,cnots,mean,std,p=0,p=5,p=25,p=50,p=75,p=95,p=100
0,ibmq_ehningen,HTest,[1000],3,0,3,50,[9],0.0598289987704895,0.0457043138388006,0.002542772691525,0.0062831363810072,0.0291993520579226,0.0452777264845556,0.0840368144743272,0.1551389888915482,0.1958747252289326
1,ibmq_ehningen,HTest,[1000],3,1,6,50,[50],0.2903656504809417,0.2379867956315124,0.0033764519756087,0.0294978959268044,0.101656990784075,0.2047433380580163,0.4783789674823795,0.6981682012037953,0.8878279058256822
2,ibmq_ehningen,HTest,[1000],3,2,9,50,[86],0.2463906873085309,0.2049536838661354,0.0016408226576383,0.0127176085145581,0.0774869060021701,0.2028954029316523,0.3650593462193061,0.6549008789239105,0.8970889355486978
3,ibmq_ehningen,HTest,[1000],3,3,12,50,[118],0.2649296828838067,0.1693513550676375,0.0078212556075602,0.0198568504042201,0.1082936924898795,0.2343810782396935,0.394762007279928,0.5496093790100351,0.6071546417146894
4,ibmq_ehningen,HTest,[1000],3,4,15,50,[150],0.2327958726116394,0.1993820929617695,0.0028382101936356,0.0086749433304304,0.0699819302965669,0.1837215407843204,0.3308255801474029,0.585501122024922,0.7896951366224598
5,ibmq_ehningen,HTest,[1000],3,5,18,50,[182],0.2628223324807155,0.2011822544394449,0.0108382720726992,0.0204628407280275,0.0958043074503219,0.2244697167501221,0.4047504198216224,0.6224594595195097,0.8248386749208598
