,backend,innerp,new_shots,qubits,layers,parameters,samples,cnots,mean,std,p=0,p=5,p=25,p=50,p=75,p=95,p=100
0,ibmq_ehningen,HTest,10,5,3,20,50,[213],12.837864910685395,27.445231789747734,0.1440094452576575,0.4288910630001555,1.0,2.030785240863992,6.251590859934762,63.35742287978537,154.9736368114241
1,ibmq_ehningen,HTest,100,5,3,20,50,[213],4.096388292722342,9.743871594102336,0.0217300470177938,0.2205151280382556,0.8941798225242054,1.5042000835198652,3.141949469269958,9.706812025021664,61.06996221356633
3,ibmq_ehningen,HTest,1000,5,3,20,50,[213],1.55126745861977,1.9103412694785495,0.0856968073044299,0.3249033848475826,0.7935208467696766,0.9691732525705764,1.4017376105622628,5.018208351002195,12.019142203824142
4,ibmq_ehningen,HTest,10000,5,3,20,50,[213],0.9686059964166857,0.3619301228911914,0.0568195958386474,0.3766099347918192,0.8104010411425364,0.9962431293248633,1.0760666508131211,1.4665604543899102,2.1353055603940185
5,ibmq_ehningen,HTest,100000,5,3,20,50,[213],0.9963203938507208,0.2844981770091866,0.3363067188165472,0.5420876663757217,0.9470261112748728,1.0189102566053112,1.0709117408143294,1.367793069697368,2.199053034426424
