,backend,innerp,new_shots,qubits,layers,parameters,samples,cnots,mean,std,p=0,p=5,p=25,p=50,p=75,p=95,p=100
1,ibmq_ehningen,HTest,[1000],10,0,10,50,[94],1186.32386354604,4716.69080436244,0.0195644278357812,0.3319435702315719,1.5071787236795111,13.2703883871388,94.06185631134734,4521.113804583894,27572.739510978063
3,ibmq_ehningen,HTest,[1000],10,1,20,50,[189],183.09546012032567,889.116987651169,0.0678581895116913,0.595673981437787,1.5037574880503697,5.665393033143705,30.257498058663582,446.3101205922811,6254.933645199794
5,ibmq_ehningen,HTest,[1000],10,2,30,50,[374],83.5418952825741,309.89459131824805,0.0144233620427795,0.2077628961940837,1.1590550401035435,3.8773196268050087,20.882647120166315,209.83092382802093,2087.915329425971
7,ibmq_ehningen,HTest,[1000],10,3,40,50,[490],32.11537339608581,106.08164947320088,0.2244848325365675,0.6680795513811,1.0325236024448157,2.500282878793204,8.575803442994722,175.13536177164704,674.1377444056814
9,ibmq_ehningen,HTest,[1000],10,4,50,50,[616],23.137512995613125,86.2092031400282,0.1088615917925525,0.4032730532440427,0.9339167340317122,1.9266229594372415,11.373676997811517,47.98582256240584,572.8384154265134
11,ibmq_ehningen,HTest,[1000],10,5,60,50,[726],7.833391136229616,21.353380087931924,0.1289215415420855,0.2395202742373892,1.0585930239308814,2.2871230535936267,7.218217874584035,20.200201190860355,151.39585774818124
