,backend,innerp,new_shots,qubits,layers,parameters,samples,cnots,mean,std,p=0,p=5,p=25,p=50,p=75,p=95,p=100
0,ibmq_ehningen,Overlap,10,5,3,20,50,[12],64.26397190575408,441.4009007763741,0.225480861580596,0.5827117735089976,1.0,1.0,1.0,1.0592790463296615,3154.0461482736514
1,ibmq_ehningen,Overlap,100,5,3,20,50,[12],7.748350664504808,42.17756063120053,0.0894716470209284,0.1571031096587979,0.6292569117385345,1.0,1.0,6.414946263626229,301.1184989629946
3,ibmq_ehningen,Overlap,1000,5,3,20,50,[12],19.93395230457423,54.66894177228197,0.0117344404331595,0.0368480698388366,0.2299626592841759,0.6467961770963726,2.7528210599682503,113.0258986187047,286.0125740148448
4,ibmq_ehningen,Overlap,10000,5,3,20,50,[12],18.97198828566184,52.190178294772814,0.0354811804227093,0.0928057760624772,0.1962805899246169,0.5208467974676623,2.54062061449431,102.40481761931476,314.7138314163293
5,ibmq_ehningen,Overlap,100000,5,3,20,50,[12],18.133995360407468,50.66993507894215,0.0009571449916056,0.0582094990201162,0.2273495828036486,0.585795995524816,2.6622305324146347,106.99410419374652,300.96743971351304
