,backend,innerp,new_shots,qubits,layers,parameters,samples,cnots,mean,std,p=0,p=5,p=25,p=50,p=75,p=95,p=100
0,ibmq_ehningen,HTest,1000,5,0,5,50,[28],4.861867194082353,14.804307456754978,0.0381377746331749,0.1880605880134874,0.4509833211732702,1.0678338949472748,2.953023191859219,11.253365170312588,96.341507071637
1,ibmq_ehningen,HTest,1000,5,1,10,50,[80],29.77849088340612,187.2784507447209,0.0495686001319917,0.1516848536407368,0.8601101198522086,1.168106035387095,2.0050878373397167,18.340956767400183,1340.0982645745028
2,ibmq_ehningen,HTest,1000,5,2,15,50,[149],11.523402942717608,23.37721300481657,0.0254308954307555,0.5430348506709054,1.897602069490524,3.944546230883778,8.146578245087477,34.04102726083937,138.94826089837096
3,ibmq_ehningen,HTest,1000,5,3,20,50,[213],1.7022174574318771,2.1781166461505337,0.0574942943937776,0.3909236085999313,0.7091951566778831,0.9893757366108472,1.3408854131724983,7.144153250329206,9.906875271640724
4,ibmq_ehningen,HTest,1000,5,4,25,50,[269],1.409400870483324,2.673385241300443,0.0956436300155008,0.4592899704251483,0.7864814311990818,0.968194735926324,1.1599161255596244,1.999544497352066,19.80691021063048
5,ibmq_ehningen,HTest,1000,5,5,30,50,[325],1.3944370237788246,1.9943071120473588,0.268136756300196,0.3706492966949514,0.7260433140855769,1.0546988672770514,1.2820063247776623,2.8301147059103897,14.55307248088006
