,backend,innerp,new_shots,qubits,layers,parameters,samples,cnots,mean,std,p=0,p=5,p=25,p=50,p=75,p=95,p=100
1,ibmq_ehningen,HTest,1000,5,0,5,50,[28],298.6920731656293,1111.4360987399452,0.0208743794943822,0.3268245499843217,0.7671460888756543,0.9652999453880432,4.6962750313804325,2165.106234743034,6471.468122365994
3,ibmq_ehningen,HTest,1000,5,1,10,50,[80],124497.9199290586,857523.5389020212,0.088148026416996,0.4545908519108483,0.697784267750623,0.9309302599854156,0.9992386619498892,788.1411391144125,6126414.584132296
5,ibmq_ehningen,HTest,1000,5,2,15,50,[149],8.164706546810441,31.73913327581654,0.0044915806639809,0.4884646140205238,0.8353546187031735,0.9891032552331032,0.9973838180217328,22.866128212162455,211.05965230923093
7,ibmq_ehningen,HTest,1000,5,3,20,50,[213],5.574724984233024,18.151294724961957,0.1787375573910325,0.4528608738821463,0.7477200312622647,0.9875598339696028,0.9990765065050724,27.858971667457787,120.42149490809835
9,ibmq_ehningen,HTest,1000,5,4,25,50,[269],1.748679488336404,5.112554567117315,0.0711298804610323,0.2518265691945981,0.8871948122017124,0.951049380798183,0.9970916195581564,3.1005068273229472,37.19153130895697
11,ibmq_ehningen,HTest,1000,5,5,30,50,[325],1.3283469062126605,2.3744909475990976,0.0444567393066986,0.2194758038856725,0.8634976673744057,0.9782667975252326,0.9968230179708584,2.4567811621466684,17.0511935808057
