,backend,innerp,new_shots,qubits,layers,parameters,samples,cnots,mean,std,relative,squared,sabre,mapomatic,DD,mem,p=0,p=5,p=25,p=50,p=75,p=95,p=100
0,ibmq_ehningen,Overlap,1000,5,0,5,50,[0],1.2085649410168522,2.034575455428957,True,False,True,True,False,False,0.0067525174873741,0.0531172286792457,0.1667723790090832,0.6647361331718961,1.0,4.80917059145832,12.400009542527863
1,ibmq_ehningen,Overlap,1000,5,1,10,50,[4],24108.30081954558,165411.54784308333,True,False,True,True,False,False,0.054688638092214,0.0776572144572394,0.2593814644817819,1.0,5.841742647836033,636.1621134940174,1181792.129655148
2,ibmq_ehningen,Overlap,1000,5,2,15,50,[8],36.494303457917255,104.21810268480296,True,False,True,True,False,False,0.01741054794478,0.0468027987624423,0.3309831367125536,1.839952233367562,11.959519981149318,217.2774048756316,595.1430061941626
3,ibmq_ehningen,Overlap,1000,5,3,20,50,[12],59.33960137076958,181.20991331378008,True,False,True,True,False,False,0.025807761731345,0.0617688183515699,0.2868237098465462,1.1164451519848215,7.923011661480206,367.849149029832,995.991046577882
4,ibmq_ehningen,Overlap,1000,5,4,25,50,[16],86.2304325726679,531.6068378940322,True,False,True,True,False,False,0.0326448342833149,0.0437192660201865,0.3834016573875469,1.1175002658788618,3.62050024195378,120.00075022993109,3798.728453811676
5,ibmq_ehningen,Overlap,1000,5,5,30,50,[20],25.825911199726697,119.69271620042156,True,False,True,True,False,False,0.0260342092381528,0.0875737988034815,0.2942924618982881,0.8470782996116825,3.0762545982424863,64.71093240875659,845.1496991002656
