,backend,innerp,new_shots,qubits,layers,parameters,samples,cnots,mean,std,relative,squared,sabre,mapomatic,DD,mem,p=0,p=5,p=25,p=50,p=75,p=95,p=100
0,ibmq_ehningen,Overlap,1000,5,0,5,50,[0],1.1674827013030258,2.0596115419980205,True,False,True,False,False,True,0.0184373822117104,0.0750578470956437,0.2696936451388308,1.0,1.0,2.6331626673679724,11.579341880714995
1,ibmq_ehningen,Overlap,1000,5,1,10,50,[4],18246.682341215477,127696.38484818093,True,False,True,False,False,True,0.015506885354824,0.0325281677274301,0.1258150260527633,0.6868847178240265,1.0,46.11216675660694,912121.3714661548
2,ibmq_ehningen,Overlap,1000,5,2,15,50,[8],6.553877671965066,24.467009079044963,True,False,True,False,False,True,0.0231601616923217,0.0429165517975907,0.1999796095997856,0.9392472814320334,2.2249677037901097,20.044556112047843,160.10206009606028
3,ibmq_ehningen,Overlap,1000,5,3,20,50,[12],6.374272060042946,16.76340843778472,True,False,True,False,False,True,0.0133040511402216,0.0349943879963136,0.2932793095646829,0.5615314489327644,1.6969528921862274,29.81655356102269,84.81202966999128
4,ibmq_ehningen,Overlap,1000,5,4,25,50,[16],3.4741065651622,12.579458629629933,True,False,True,False,False,True,0.0088146467898798,0.0363667217908578,0.2599427184139344,0.5597245006642726,1.351185400835362,13.804150337821929,88.13196708120863
5,ibmq_ehningen,Overlap,1000,5,5,30,50,[20],4.867021931047493,12.832922708953047,True,False,True,False,False,True,0.0244207415328625,0.1048407731534753,0.2687793388096084,0.5574290276616924,1.126647511134617,34.406224869442745,68.19839853461623
