,backend,innerp,new_shots,qubits,layers,parameters,samples,cnots,mean,std,relative,squared,sabre,mapomatic,DD,mem,p=0,p=5,p=25,p=50,p=75,p=95,p=100
0,ibmq_ehningen,Overlap,1000,5,0,5,50,[0],28.394188568055164,189.80583694557896,True,False,True,True,True,True,0.0165183844334496,0.0492906824853427,0.2610866518766365,0.9607071827475284,1.0,7.767050064234292,1356.895162303766
1,ibmq_ehningen,Overlap,1000,5,1,10,50,[4],10.082437018291063,60.30272524385213,True,False,True,True,True,True,0.0322620938525209,0.113780982188022,0.5380368110886288,1.0,1.0,5.047608461813011,431.304289674401
2,ibmq_ehningen,Overlap,1000,5,2,15,50,[8],0.912977214260886,1.3722110545396276,True,False,True,True,True,True,0.0358768103382321,0.0975532718371765,0.4070688633786967,1.0,1.0,1.0,10.198083984899217
3,ibmq_ehningen,Overlap,1000,5,3,20,50,[12],1.4832641075758095,2.9254272915083708,True,False,True,True,True,True,0.0141506224897598,0.0269892743777248,0.4315547263854992,1.0,1.0,6.386760072584736,17.595875441974528
4,ibmq_ehningen,Overlap,1000,5,4,25,50,[16],22.17048246167112,149.19448900480648,True,False,True,True,True,True,0.0055763914209409,0.0687569280151362,0.3985405154535931,0.8506132420079663,1.0,2.1621677207361376,1066.507258380855
5,ibmq_ehningen,Overlap,1000,5,5,30,50,[20],14.84373046934143,93.297410525673,True,False,True,True,True,True,0.0325420663642468,0.092738265272481,0.2210798711291044,0.7743334310182691,1.0,12.269468277795497,667.2119197744378
