,backend,innerp,new_shots,qubits,layers,parameters,samples,cnots,mean,std,p=0,p=5,p=25,p=50,p=75,p=95,p=100
1,ibmq_ehningen,HTest,[1000],3,0,3,50,[9],0.0495177524913117,0.0392924904554898,0.0040836394238462,0.0063056844994374,0.0202809710168726,0.0431557972158517,0.0654812121735581,0.1214055160637299,0.1718747252289326
3,ibmq_ehningen,HTest,[1000],3,1,6,50,[31],0.2400990902775135,0.2009757832270373,0.0011138371275645,0.0112625344650238,0.0814002827917506,0.201955189766595,0.385155004082456,0.5661220535798667,0.8564718594408198
5,ibmq_ehningen,HTest,[1000],3,2,9,50,[63],0.2431027908511841,0.2003801461582006,0.0034163208840066,0.013637633269695,0.0822331840211196,0.1950591465829352,0.3848027520121867,0.6601259628529916,0.7710889355486977
7,ibmq_ehningen,HTest,[1000],3,3,12,50,[95],0.2630479352539882,0.1744330605131168,0.00663380948819,0.0148527986607709,0.0991319172926577,0.243922950339967,0.4036719026897519,0.550671409672889,0.6052522570071814
9,ibmq_ehningen,HTest,[1000],3,4,15,50,[127],0.2430390731182486,0.1912802933255065,0.0020955406611548,0.0378995777255442,0.0731925336008921,0.2084066332260608,0.3599832860734062,0.5912551821860104,0.7516951366224598
11,ibmq_ehningen,HTest,[1000],3,5,18,50,[159],0.2758434389356105,0.2111694224163022,0.0084573828720223,0.0289955347519335,0.10475246210026,0.230110542822263,0.4140370777846388,0.6692956907225018,0.8708386749208599
