,backend,innerp,new_shots,qubits,layers,parameters,samples,cnots,mean,std,p=0,p=5,p=25,p=50,p=75,p=95,p=100
0,ibmq_ehningen,HTest,[1000],2,1,4,50,[18],2.962761252652829,11.053260416823786,0.0415987040358548,0.214844623662056,0.4468089450359345,0.5405409330010955,0.7152837994052252,11.5724911179787,74.34807929236301
2,ibmq_ehningen,HTest,[1000],3,1,6,50,[31],1.135105530270767,1.5552359764754464,0.0171059973839725,0.1626159031167274,0.5908939311907354,0.7570678838370295,1.0405745696809638,2.546533160140537,10.194023668903638
3,ibmq_ehningen,HTest,[1000],4,1,8,50,[51],1.5105160746246211,1.7815378751427888,0.1266871283592203,0.3700941641727301,0.8417461755010137,1.0635397251478644,1.25401976541129,4.73383241219819,11.487265827126924
5,ibmq_ehningen,HTest,[1000],5,1,10,50,[80],58.15683115979085,348.1406486256519,0.0431433393436379,0.2681302442384929,0.6422697342713527,1.0892439191895749,1.740461674054848,26.34675798039178,2476.1597088132107
6,ibmq_ehningen,HTest,[1000],6,1,12,50,[95],5.8796958672307005,19.252027024876597,0.017088342457677,0.3883111345072799,0.7556982017246578,1.1830005072139778,2.225557301125121,16.407488311367164,124.52727878831642
7,ibmq_ehningen,HTest,[1000],7,1,14,50,[115],2.495362179866935,4.226888548364435,0.0363002179180409,0.2561405251291011,0.882303428356102,1.251988432693906,2.1345493275707192,7.605116097929926,25.372503886572225
8,ibmq_ehningen,HTest,[1000],8,1,16,50,[149],572.4214390088448,1896.588066441301,0.9113891370457124,2.373892865245093,10.210564435756217,22.74321510444664,126.94548836004444,3005.201031853981,11564.700622549502
9,ibmq_ehningen,HTest,[1000],9,1,18,50,[165],165.7771955485741,908.1301853508857,0.1611676654447035,1.0748201737548413,4.945358918669344,12.878264131523938,38.82004865540792,167.6817695809769,6509.4340514389305
11,ibmq_ehningen,HTest,[1000],10,1,20,50,[189],183.09546012032567,889.116987651169,0.0678581895116913,0.595673981437787,1.5037574880503697,5.665393033143705,30.257498058663582,446.3101205922811,6254.933645199794
