,backend,innerp,new_shots,qubits,layers,parameters,samples,cnots,mean,std,p=0,p=5,p=25,p=50,p=75,p=95,p=100
0,ibmq_ehningen,HTest,1000,5,0,5,50,[28],9.497707499318206,34.18890309746861,0.2612394936779075,0.3619780969157451,1.051428448012107,1.6420071433658632,4.569333767958922,29.916813069162707,242.35495251039276
1,ibmq_ehningen,HTest,1000,5,1,10,50,[80],17.61441225637178,96.6894089416812,0.0029062554972312,0.1640218649972369,0.6818042474096433,0.9513290595430552,2.0146537950696106,15.165296958683667,688.5443635592251
2,ibmq_ehningen,HTest,1000,5,2,15,50,[149],10.342123489032655,21.50500240979636,0.0773531378176542,0.4120911658207822,1.548101830667438,3.639122698926082,7.401996391299765,36.20925146620898,124.7792788771283
3,ibmq_ehningen,HTest,1000,5,3,20,50,[213],1.6372401103745713,1.6056480976957015,0.3062278809381774,0.4253734354696092,0.889105638926968,1.122958547328749,1.5756310375581746,5.338953344828757,8.015661803128866
4,ibmq_ehningen,HTest,1000,5,4,25,50,[269],1.4933629334462335,2.775893822505984,0.2676458717294019,0.4007878191132548,0.749917403577124,0.9756693980526656,1.1449651918695825,3.208390845713725,20.132185126565968
5,ibmq_ehningen,HTest,1000,5,5,30,50,[325],1.11301606182561,0.4931943169611619,0.2814682329768373,0.4868140802924971,0.8700785188231857,0.9916453138012272,1.227211245001846,1.947962187586595,3.208884058229017
