,backend,innerp,new_shots,qubits,layers,parameters,samples,cnots,mean,std,p=0,p=5,p=25,p=50,p=75,p=95,p=100
0,ibmq_ehningen,HTest,1000,2,1,4,50,[18],128.263204278012,756.4024338975073,0.0814669558942469,0.4261374170520905,0.7054177567921123,0.7844998135526813,0.9188734931997228,226.1243759507445,5378.94073587877
2,ibmq_ehningen,HTest,1000,3,1,6,50,[31],3.549393430415545,12.971665290363182,0.0339193796214446,0.3351803308808828,0.8326092512875555,0.9409630545180075,0.9970769507572046,5.449322792116509,83.5300712243603
3,ibmq_ehningen,HTest,1000,4,1,8,50,[51],4.759859845621379,16.544993904924244,0.237324628226535,0.4801568367640559,0.918994647781458,0.975014410988228,0.998690141540253,13.004149960393836,108.98274452882418
5,ibmq_ehningen,HTest,1000,5,1,10,50,[80],124497.9199290586,857523.5389020212,0.088148026416996,0.4545908519108483,0.697784267750623,0.9309302599854156,0.9992386619498892,788.1411391144125,6126414.584132296
6,ibmq_ehningen,HTest,1000,6,1,12,50,[95],408.0962889211245,2255.7912800395948,0.0028290684120338,0.2430222204842895,0.8193756415148488,0.9529128848277114,1.096108902636199,304.6877721358092,15756.097719999716
7,ibmq_ehningen,HTest,1000,7,1,14,50,[115],20.960728382544083,89.5640394943081,0.0739181416569794,0.3894513525469026,0.7014235990166248,0.9788162418625382,1.5604689595123853,46.57232935007485,593.0189457009781
8,ibmq_ehningen,HTest,1000,8,1,16,50,[149],3925250.390211455,19475487.527406704,0.6975196368298436,6.473227076494961,114.6947082070269,501.0046289721331,16393.335310790986,10810793.36254818,133765429.8904419
9,ibmq_ehningen,HTest,1000,9,1,18,50,[165],852468.8938938694,5933346.3539744895,0.012851107240704,0.3758109811980812,17.17871538328964,157.93794958923837,1470.3722312986015,28181.38451260994,42385750.53813553
11,ibmq_ehningen,HTest,1000,10,1,20,50,[189],824366.4522982812,5477917.578243068,0.0136113675300895,0.1421514956429822,0.9349075184164444,29.10060086546721,950.7557933422707,234786.43313219983,39136704.77314279
