,backend,innerp,new_shots,qubits,layers,parameters,samples,cnots,mean,std,p=0,p=5,p=25,p=50,p=75,p=95,p=100
0,ibmq_ehningen,HTest,1000,5,0,5,50,[28],17.12418406535059,67.33684093842328,0.1707550972979719,0.3359898641204938,0.9799499712184832,1.697358817090272,4.7301441625018175,58.51963410949058,462.9274094611741
1,ibmq_ehningen,HTest,1000,5,1,10,50,[80],70.54448771337753,435.1073626634917,0.0349756810323565,0.0821005675445007,0.5258962543687619,1.1083725522323178,1.6541378104353444,30.973918471288197,3102.703895755908
2,ibmq_ehningen,HTest,1000,5,2,15,50,[149],1.96012753595648,2.92932824699826,0.1708697169007065,0.3572210031873088,0.8750083118049576,1.131762551355115,1.5059597823433593,5.1153783358036415,19.229406806707736
3,ibmq_ehningen,HTest,1000,5,3,20,50,[213],2.283895674535932,3.594329137481641,0.0478351321035988,0.1271862101399328,0.7439419075043594,1.0516505143035548,2.008114791852392,9.433832649862548,18.870628661912
4,ibmq_ehningen,HTest,1000,5,4,25,50,[269],1.5459016372049934,2.511209529268956,0.1152907005018784,0.238526865180939,0.7430827979147369,0.94739934620101,1.465017616778989,3.848041976790088,17.733331164308154
5,ibmq_ehningen,HTest,1000,5,5,30,50,[325],1.509254524243018,1.931426505548346,0.2849582266470777,0.3807974179545921,0.8108112977049518,1.0285247589266846,1.429024218964578,2.696992621061404,13.43527132324147
