,backend,innerp,new_shots,qubits,layers,parameters,samples,cnots,mean,std,relative,squared,sabre,mapomatic,DD,mem,p=0,p=5,p=25,p=50,p=75,p=95,p=100
2,ibmq_ehningen,Overlap,1000,5,0,5,50,[0],1.8774436891666764,4.158160510613285,True,False,True,False,False,False,0.0118915381211254,0.0417385269710317,0.144915255268484,1.0,1.0,5.832649728557908,26.28333443287629
5,ibmq_ehningen,Overlap,1000,5,1,10,50,[4],23882.58145503743,165420.9776033489,True,False,True,False,False,False,0.0177068068179959,0.0649077557154843,0.6868810884930965,1.3532183593818252,8.050432086097976,1300.6439732215667,1181792.129655148
8,ibmq_ehningen,Overlap,1000,5,2,15,50,[8],43.70484540032202,127.53140753042165,True,False,True,False,False,False,0.0022068914311228,0.0176600815996626,0.4781642636306733,2.338525589823909,10.175911840032088,296.9688935707564,735.3182371848283
11,ibmq_ehningen,Overlap,1000,5,3,20,50,[12],22.23768977571592,44.30749648904808,True,False,True,False,False,False,0.0535172065765298,0.1407328957923008,0.4391625345238926,1.6249218403522652,11.31984544426692,126.14937376540664,180.27109937779676
14,ibmq_ehningen,Overlap,1000,5,4,25,50,[16],29.42630649217504,135.51818107773946,True,False,True,False,False,False,0.0036821359061994,0.0246508218608031,0.2547877799973883,1.3028089910646687,3.751297771224381,102.80361832032509,948.9321134529188
17,ibmq_ehningen,Overlap,1000,5,5,30,50,[20],14.714023460315325,43.52430701063089,True,False,True,False,False,False,0.0178415794379851,0.0362217870083797,0.29053769957666,0.6944587041631793,3.9356833887040095,75.82460006662299,281.04989970008853
