,backend,relative,archt,cost,qubits,layers,parameters,shots,samples,mean,p=0,p=5,p=25,p=50,p=75,p=95,p=100
0,aer_simulator,False,linear_alternating,Sato21_Innerp,5,3,29,10,50,0.0444857382095067,3.955372219071628e-05,0.000226946733744,0.006238478611645,0.0212116520434565,0.0626298755277761,0.1457533555590006,0.2138956373072511
1,aer_simulator,False,linear_alternating,Sato21_Innerp,5,3,29,100,50,0.0081794496291167,5.532156318125694e-06,3.298435474324988e-05,0.0009074254227316,0.002613732851471,0.0079704870736676,0.0399744109242426,0.0610298952049004
2,aer_simulator,False,linear_alternating,Sato21_Innerp,5,3,29,1000,50,0.0028511665159223,1.8630945673894813e-06,1.7260629342211846e-05,0.0003251630944146,0.0007108594174902,0.0020759411746076,0.0121152192959132,0.0393958643728642
3,aer_simulator,False,linear_alternating,Sato21_Innerp,5,3,29,10000,50,0.0006025790277195,7.041078466205671e-07,6.741817615578128e-06,6.337631270450018e-05,0.0002123087492125,0.0007242981711223,0.0017313561298223,0.0064804360812945
4,aer_simulator,False,linear_alternating,Sato21_Innerp,5,3,29,100000,50,0.0002351306914946,9.206151034233398e-07,4.771438599878722e-06,2.293216953634704e-05,7.593620500348253e-05,0.0002698979285401,0.0011206607762207,0.0014485873737428
