,backend,operator,archt,cost,qubits,layers,parameters,shots,samples,p=0,p=5,p=25,p=50,p=75,p=95,p=100
0,aer_simulator,SatoLiu21,linear_alternating,Sato21_Innerp,5,3,29,10,50,0.0896706453065749,0.4168468703224445,1.9265731266514832,5.037579441911692,23.68677643096847,743.5735326920114,2438467.7478714352
1,aer_simulator,SatoLiu21,linear_alternating,Sato21_Innerp,5,3,29,100,50,0.0089304979661974,0.0176964650509317,0.2896666702150575,0.9900328427212352,3.47778432791456,93.68369376684744,285689.42134825134
2,aer_simulator,SatoLiu21,linear_alternating,Sato21_Innerp,5,3,29,1000,50,0.0017112860762654,0.0220184801099436,0.1635867237952927,0.4100769282322829,0.9911097133818876,6.77777571510048,696.3090873462526
3,aer_simulator,SatoLiu21,linear_alternating,Sato21_Innerp,5,3,29,10000,50,0.00158043666385,0.0029903926393219,0.0562845425817088,0.1236674912299309,0.3462757005065328,1.3444123337713831,47.21598692567096
4,aer_simulator,SatoLiu21,linear_alternating,Sato21_Innerp,5,3,29,100000,50,0.0007793526417148,0.0043267216549197,0.0168070240679528,0.0525119721147274,0.0832791885077455,0.6667981801409499,246.8880395423826
