,backend,operator,archt,cost,qubits,layers,parameters,shots,samples,p=0,p=5,p=25,p=50,p=75,p=95,p=100
0,aer_simulator,SatoLiu21,linear_alternating,Sato21_Nonnorm,5,3,29,10,50,0.0070351442243787,0.0137144972549497,0.070639017136795,0.1471467449131471,0.2832679821560766,0.6688143296752804,3.4999439648167674
1,aer_simulator,SatoLiu21,linear_alternating,Sato21_Nonnorm,5,3,29,100,50,0.0006334899950104,0.0031473629011257,0.0251870438661105,0.06268341266013,0.1112511456783519,0.2342968610874936,0.6572498886683104
2,aer_simulator,SatoLiu21,linear_alternating,Sato21_Nonnorm,5,3,29,1000,50,0.0006123249554749,0.0029996339764952,0.0078049709721811,0.0109429264467472,0.0247502861212918,0.0831703498558361,0.4213092410225743
3,aer_simulator,SatoLiu21,linear_alternating,Sato21_Nonnorm,5,3,29,10000,50,0.0001614587342438,0.0010870647072356,0.0025100991175724,0.0046637924937943,0.006858480208203,0.0265181676975082,0.0290526123751243
4,aer_simulator,SatoLiu21,linear_alternating,Sato21_Nonnorm,5,3,29,100000,50,8.302627523594077e-05,0.0001923369906408,0.0010569428782026,0.0017939116114104,0.0027108171731246,0.0044000361687995,0.0185270751154187
