,backend,step_size,archt,cost,qubits,layers,parameters,shots,samples,mean,p=0,p=5,p=25,p=50,p=75,p=95,p=100
0,aer_simulator,0.1,linear_alternating,Sato21_Nonnorm,5,3,29,10,50,7.31837877095895,0.0010779990029722,0.087002830900923,0.6458815952604899,2.237188213645176,10.642362574318572,30.250941391948142,36.23522977232646
1,aer_simulator,0.1,linear_alternating,Sato21_Nonnorm,5,3,29,100,50,3.12083565157464,0.0002024360194935,0.0114785153241261,0.2099949693116786,0.9333488185725756,4.607933919014862,13.042502513046395,14.24008911106219
2,aer_simulator,0.1,linear_alternating,Sato21_Nonnorm,5,3,29,1000,50,0.8392407988493588,0.0001297652037663,0.0042169054774912,0.0469425613814082,0.3885793768195711,1.2741626509613972,2.677325279224235,5.317624868208867
3,aer_simulator,0.1,linear_alternating,Sato21_Nonnorm,5,3,29,10000,50,0.2466069505690805,8.94833959884893e-06,0.0043932600147084,0.020888578921264,0.1385346554243476,0.3260743842466844,0.9735844974081443,1.4305733588699212
4,aer_simulator,0.1,linear_alternating,Sato21_Nonnorm,5,3,29,100000,50,0.0889967977140001,5.706425217998686e-06,0.0007125319861024,0.0088677811396445,0.0421475720286927,0.1576093965178575,0.265408944672334,0.4101011160983461
