,backend,step_size,archt,cost,qubits,layers,parameters,shots,samples,mean,p=0,p=5,p=25,p=50,p=75,p=95,p=100
0,ibmq_ehningen,0.1,linear_alternating,Sato21_Nonnorm,5,3,29,10,50,10.300575276409086,0.0003308489533996,0.1772188741473079,0.5761758766581564,2.6370545271809345,17.27168951226771,35.138156443390955,51.04697082543592
1,ibmq_ehningen,0.1,linear_alternating,Sato21_Nonnorm,5,3,29,100,50,3.897081721662784,0.0001771356359049,0.0295580197417501,0.325664908239049,1.9053566418402823,5.093596007643652,14.121016350434903,21.90367527932176
2,ibmq_ehningen,0.1,linear_alternating,Sato21_Nonnorm,5,3,29,1000,50,2.304480327651629,0.00039402331566,0.0120236056879196,0.1989058276509325,0.8681145321072457,3.523343248536179,8.03681066545034,11.725889864425625
3,ibmq_ehningen,0.1,linear_alternating,Sato21_Nonnorm,5,3,29,10000,50,2.158960750705805,0.0002836329996104,0.0125716709200518,0.1352067136145395,1.0624907903337242,3.709187301591992,6.886249884468898,10.249523924457732
4,ibmq_ehningen,0.1,linear_alternating,Sato21_Nonnorm,5,3,29,100000,50,2.1475761052881386,0.0003077682027147,0.016902686538539,0.1195866058641847,1.0446580593756103,3.886046712171946,7.384468150554197,10.510674969524333
