,backend,relative,archt,cost,qubits,layers,parameters,shots,samples,mean,p=0,p=5,p=25,p=50,p=75,p=95,p=100
0,ibmq_ehningen,False,linear_alternating,Sato21_Innerp,5,3,29,10,50,0.0346136263761688,0.000368318050484,0.0014014385392986,0.007226303374723,0.0177874611237743,0.0516416936282149,0.1204575575217595,0.1892711293894861
1,ibmq_ehningen,False,linear_alternating,Sato21_Innerp,5,3,29,100,50,0.0124122231506717,1.2893537075899311e-05,3.598808341312085e-05,0.000538353178445,0.0019609575396555,0.0076604032651763,0.0809116502680589,0.1334180353666255
2,ibmq_ehningen,False,linear_alternating,Sato21_Innerp,5,3,29,1000,50,0.0132883699869435,8.352062092601416e-06,1.8752598922050365e-05,0.0003226358689184,0.0016615024028477,0.0095649207779612,0.0840703975312866,0.1341016061026983
3,ibmq_ehningen,False,linear_alternating,Sato21_Innerp,5,3,29,10000,50,0.0133785615319784,2.6533994056494423e-08,1.9254990605445304e-05,0.0003355101192347,0.0017860145810386,0.0095624218452517,0.0841091650535401,0.1341693233125542
4,ibmq_ehningen,False,linear_alternating,Sato21_Innerp,5,3,29,100000,50,0.0133866111127254,5.658412866377237e-06,2.40534869059291e-05,0.0003525791141243,0.0017888624537091,0.0095796004762333,0.0841072666856089,0.1341503128367591
