,backend,step_size,archt,cost,qubits,layers,parameters,shots,samples,mean,p=0,p=5,p=25,p=50,p=75,p=95,p=100
0,aer_simulator,1.0,linear_alternating,Sato21_Innerp,5,3,29,1000,50,0.0131519577396237,2.4676045190177088e-08,0.0001534362498988,0.0015402602203041,0.0056072974483687,0.0152256987816349,0.0456949119743327,0.4665338674445262
1,aer_simulator,0.1,linear_alternating,Sato21_Innerp,5,3,29,1000,50,0.008442952867476,4.514075641220697e-07,9.725479592308556e-05,0.0009048404893248,0.0033105740291704,0.0103656632359829,0.0266398342262018,0.2119765008125672
