,backend,relative,archt,cost,qubits,layers,parameters,shots,samples,p=0,p=5,p=25,p=50,p=75,p=95,p=100
0,ibmq_ehningen,True,linear_alternating,Sato21_Innerp,5,3,29,10,50,0.141012974785633,0.4396320112029635,1.0,8.676429201944433,80.097299547803,895.5365845812815,558814.7547205372
1,ibmq_ehningen,True,linear_alternating,Sato21_Innerp,5,3,29,100,50,0.0016182862403928,0.2567788506965914,0.719738830289296,0.9764896187986868,1.614177981386333,30.789133465114283,62540.03783400845
2,ibmq_ehningen,True,linear_alternating,Sato21_Innerp,5,3,29,1000,50,0.0075486383521681,0.2043903739825214,0.9069160821346676,0.9921021038048984,0.99873911434937,3.92742932153649,30691.817581537
3,ibmq_ehningen,True,linear_alternating,Sato21_Innerp,5,3,29,10000,50,0.1700995660755265,0.6450230120679498,0.9407948013386782,0.9961129744672416,0.9997982109436354,0.999994508280978,1.7793136697316223
4,ibmq_ehningen,True,linear_alternating,Sato21_Innerp,5,3,29,100000,50,0.5376121854115457,0.693046755580882,0.974500698634041,0.9955442796956138,0.9995056466330878,0.9999413996453596,379.44123077339947
