,backend,relative,archt,cost,qubits,layers,parameters,shots,samples,p=0,p=5,p=25,p=50,p=75,p=95,p=100
0,ibmq_ehningen,True,linear_alternating,Sato21_Nonnorm,5,3,29,10,50,0.011924348695604,0.0138636593543462,0.0574419550592568,0.2242091141717527,0.3485382107626995,1.0180004200019297,1.114213017726015
1,ibmq_ehningen,True,linear_alternating,Sato21_Nonnorm,5,3,29,100,50,0.0034380973803062,0.008585636460587,0.0317108407785993,0.0720940652517138,0.1296161760258767,0.3346579238788519,0.575107025266421
2,ibmq_ehningen,True,linear_alternating,Sato21_Nonnorm,5,3,29,1000,50,0.0014026328598032,0.0089928162104417,0.0196041954488601,0.0393826657452214,0.078002214242874,0.2058304239248429,1.2792771809983652
3,ibmq_ehningen,True,linear_alternating,Sato21_Nonnorm,5,3,29,10000,50,0.0006486816549377,0.0032908986200199,0.0199449996758053,0.0381506834643841,0.0809534469729755,0.2142539614062031,0.920872470635394
4,ibmq_ehningen,True,linear_alternating,Sato21_Nonnorm,5,3,29,100000,50,0.0007972566736996,0.0031696399369576,0.0200432639477907,0.0383839041192211,0.0730488061247019,0.214275511457114,0.9992323375846658
