,backend,step_size,archt,cost,qubits,layers,parameters,shots,samples,mean,p=0,p=5,p=25,p=50,p=75,p=95,p=100
0,aer_simulator,1.0,linear_alternating,Sato21_Nonnorm,5,3,29,1000,50,22.162249339241203,0.0002190967720934,0.7079098831265901,4.580442921928409,13.640581400426315,29.88991790315817,77.34769203849649,174.7126205760202
1,aer_simulator,0.1,linear_alternating,Sato21_Nonnorm,5,3,29,1000,50,2.9528272581582304,0.0001672240864315,0.0502522808271329,0.4487439845673855,1.3921286123167294,3.938074027208282,10.77080674915687,37.804047911614106
