,backend,step_size,archt,cost,qubits,layers,parameters,shots,samples,mean,p=0,p=5,p=25,p=50,p=75,p=95,p=100
1,aer_simulator,0.1,linear_alternating,Sato21_Nonnorm,5,3,29,1000,50,2.9528272581582304,0.0001672240864315,0.0502522808271329,0.4487439845673855,1.3921286123167294,3.938074027208282,10.77080674915687,37.804047911614106
