Iteration,custom_tag,backend,cost_approx,cost_exact,cosine_sim,acc_cost_approx,acc_cost_exact,fidelities,fidelities_cost,fidelities_grad,archt,rhs,qubits,layers,parameters,seed_init,exact,shots,depth,cnots,operator,innerp,cost,optimizer,rotations,entangler,mixer,driver,driver_per,initial_qaoa,sabre,mapomatic,DD
0,full_vqa_aer_bfgs_1,simulator,43.87634796465998,41.562793707278495,0.9830908746809289,43.87634796465998,41.562793707278495,0.21636077207634272,0.21636077207634272,0.21636077207634272,linear_alternating,hnx,5.0,3.0,29.0,7.0,False,100.0,13.0,0.0,SatoLiu21,HTest,Sato21_Nonnorm,L_BFGS_B,ry,cz,rx,rzz,ryy,hadamards,True,False,False
1,,,20.33726036288716,20.347223655055558,0.9628060640973534,20.33726036288716,20.347223655055558,0.35172819900115415,0.35172819900115415,0.35172819900115415,,,,,,,,,17.0,2.0,,,,,,,,,,,,,
2,,,16.041670762501138,13.954926655495624,0.9012154468951737,16.041670762501138,13.954926655495624,0.4230085124814703,0.4230085124814703,0.4230085124814703,,,,,,,,,18.0,3.0,,,,,,,,,,,,,
3,,,8.708199697458744,9.9456264132868,0.8328901844683744,8.708199697458744,9.9456264132868,0.44871691250332957,0.44871691250332957,0.44871691250332957,,,,,,,,,19.0,4.0,,,,,,,,,,,,,
4,,,6.450912006093722,8.717110285656133,0.4052846889563671,6.450912006093722,8.717110285656133,0.46474466771802975,0.46474466771802975,0.46474466771802975,,,,,,,,,20.0,5.0,,,,,,,,,,,,,
5,,,9.995668316958753,8.129051632643447,0.675510049476196,6.450912006093722,8.717076851510708,0.46474453489980433,0.4589847673288813,0.4589847673288813,,,,,,,,,174.0,59.0,,,,,,,,,,,,,
6,,,9.092219157850195,8.69610431145431,0.5923996355606145,6.450912006093722,8.717076851510708,0.46474453489980433,0.46465769389237577,0.46465769389237577,,,,,,,,,,,,,,,,,,,,,,,
7,,,5.918132122319861,8.717076851510708,0.7476316398166776,,,,0.46474453489980433,0.46474453489980433,,,,,,,,,,,,,,,,,,,,,,,
8,,,10.20925056018252,8.7170480907605,0.763756442682962,,,,0.4647444206325719,0.4647444206325719,,,,,,,,,,,,,,,,,,,,,,,
9,,,8.805254151911038,8.717076851470745,0.6947963057638851,,,,0.46474453489964523,0.46474453489964523,,,,,,,,,,,,,,,,,,,,,,,
10,,,7.746873629409495,8.717076851510708,0.7460968970155167,,,,0.46474453489980433,0.46474453489980433,,,,,,,,,,,,,,,,,,,,,,,
