Iteration,custom_tag,backend,cost_approx,cost_exact,cosine_sim,acc_cost_approx,acc_cost_exact,fidelities,fidelities_cost,fidelities_grad,archt,rhs,qubits,layers,parameters,seed_init,exact,shots,depth,cnots,operator,innerp,cost,optimizer,rotations,entangler,mixer,driver,driver_per,initial_qaoa,sabre,mapomatic,DD
0,full_vqa_aer_bfgs_1,simulator,-0.000899061163785091,-0.0011326114516817393,0.9970578249698304,-0.000899061163785091,-0.0011326114516817393,0.007823531314619192,0.007823531314619192,0.007823531314619192,linear_alternating,hnx,5.0,3.0,29.0,4.0,False,10000.0,13.0,0.0,SatoLiu21,HTest,Sato21_Innerp,L_BFGS_B,ry,cz,rx,rzz,ryy,hadamards,True,False,False
1,,,-0.03358961802154751,-0.03303701655583591,0.9993044566616246,-0.09979227211271617,-0.09921753550356262,0.3039741547424041,0.1422599610946197,0.1422599610946197,,,,,,,,,17.0,2.0,,,,,,,,,,,,,
2,,,-0.010277066406673158,-0.010408612663760749,0.9963034546070897,-0.10093441937576585,-0.09921902411569807,0.30397620359107963,0.09654205851758077,0.09654205851758077,,,,,,,,,18.0,3.0,,,,,,,,,,,,,
3,,,-0.08870674266648125,-0.09640385561311256,0.9995259913460749,-0.10093441937576585,-0.09921902411569807,0.30397620359107963,0.30101444400505706,0.30101444400505706,,,,,,,,,19.0,4.0,,,,,,,,,,,,,
4,,,-0.09118677877645696,-0.09686550899428703,0.9995107482908048,,,,0.2984451841841178,0.2984451841841178,,,,,,,,,20.0,5.0,,,,,,,,,,,,,
5,,,-0.09979227211271617,-0.09921753550356262,0.9993410688440302,,,,0.3039741547424041,0.3039741547424041,,,,,,,,,174.0,59.0,,,,,,,,,,,,,
6,,,-0.04532681477479911,-0.045331366400289876,0.9992652552275662,,,,0.1989335005165389,0.1989335005165389,,,,,,,,,,,,,,,,,,,,,,,
7,,,-0.09542852949809216,-0.10020778087051516,0.9993907360919767,,,,0.305069916057895,0.305069916057895,,,,,,,,,,,,,,,,,,,,,,,
8,,,-0.09867568542568546,-0.09931698804822002,0.9994419549301453,,,,0.3041100738914453,0.3041100738914453,,,,,,,,,,,,,,,,,,,,,,,
9,,,-0.10093441937576585,-0.09921902411569807,0.9994444146497399,,,,0.30397620359107963,0.30397620359107963,,,,,,,,,,,,,,,,,,,,,,,
10,,,-0.09827269565217388,-0.09921902443263844,0.999646319795349,,,,0.30397620402725584,0.30397620402725584,,,,,,,,,,,,,,,,,,,,,,,
11,,,-0.09912715668698462,-0.09921902411569807,0.9993268264807618,,,,0.30397620359107963,0.30397620359107963,,,,,,,,,,,,,,,,,,,,,,,
