Iteration,custom_tag,backend,cost_approx,cost_exact,cosine_sim,acc_cost_approx,acc_cost_exact,fidelities,fidelities_cost,fidelities_grad,archt,rhs,qubits,layers,parameters,seed_init,exact,shots,depth,cnots,operator,innerp,cost,optimizer,rotations,entangler,mixer,driver,driver_per,initial_qaoa,sabre,mapomatic,DD
0,full_vqa_exact_bfgs_1,simulator,0.37910379704926794,0.37910379704926794,1.0000000000000002,0.37910379704926794,0.37910379704926794,0.4864180436964654,0.4864180436964654,0.4864180436964654,linear_alternating,hnx,3.0,0.0,3.0,3.0,True,1000.0,,,exact,Statevec,BravoPrieto20_Local,L_BFGS_B,ry,cz,rx,rzz,ryy,hadamards,True,False,False
1,,,0.33111732341115413,0.33111732341115413,1.0,0.33111732341115413,0.33111732341115413,0.6421341340599324,0.6421341340599324,0.6421341340599324,,,,,,,,,,,,,,,,,,,,,,,
2,,,0.3139384594744675,0.3139384594744675,1.0,0.3139384594744675,0.3139384594744675,0.6399640936534862,0.6399640936534862,0.6399640936534862,,,,,,,,,,,,,,,,,,,,,,,
3,,,0.31346051664909713,0.31346051664909713,0.9999999999999999,0.31346051664909713,0.31346051664909713,0.6533006480160185,0.6533006480160185,0.6533006480160185,,,,,,,,,,,,,,,,,,,,,,,
4,,,0.31231526158256195,0.31231526158256195,1.0000000000000002,0.31231526158256195,0.31231526158256195,0.7135174345442609,0.7135174345442609,0.7135174345442609,,,,,,,,,,,,,,,,,,,,,,,
5,,,0.31225242825187044,0.31225242825187044,1.0000000000000002,0.31225242825187044,0.31225242825187044,0.7176432511588005,0.7176432511588005,0.7176432511588005,,,,,,,,,,,,,,,,,,,,,,,
6,,,0.3122517452821682,0.3122517452821682,1.0,0.3122517452821682,0.3122517452821682,0.7172724070067676,0.7172724070067676,0.7172724070067676,,,,,,,,,,,,,,,,,,,,,,,
7,,,0.31225165591388454,0.31225165591388454,1.0,0.31225165591388454,0.31225165591388454,0.7172077655008029,0.7172077655008029,0.7172077655008029,,,,,,,,,,,,,,,,,,,,,,,
8,,,0.312251650667834,0.312251650667834,0.9999999999999999,0.312251650667834,0.312251650667834,0.7171926997855539,0.7171926997855539,0.7171926997855539,,,,,,,,,,,,,,,,,,,,,,,
9,,,,,,0.312251650667834,0.312251650667834,0.7171926997855539,,,,,,,,,,,,,,,,,,,,,,,,,
