Iteration,custom_tag,backend,cost_approx,cost_exact,cosine_sim,acc_cost_approx,acc_cost_exact,fidelities,fidelities_cost,fidelities_grad,archt,rhs,qubits,layers,parameters,seed_init,exact,shots,depth,cnots,operator,innerp,cost,optimizer,rotations,entangler,mixer,driver,driver_per,initial_qaoa,sabre,mapomatic,DD
0,full_vqa_exact_bfgs_1,simulator,161.47785239273304,161.47785239273304,1.0,161.47785239273304,161.47785239273304,0.00022251586524693652,0.00022251586524693652,0.00022251586524693652,linear_alternating,hnx,8.0,0.0,8.0,4.0,True,1000.0,,,exact,Statevec,Sato21_Nonnorm,L_BFGS_B,ry,cz,rx,rzz,ryy,hadamards,True,False,False
1,,,103.5984926158859,103.5984926158859,1.0,103.5984926158859,103.5984926158859,0.0005305699893380278,0.0005305699893380278,0.0005305699893380278,,,,,,,,,,,,,,,,,,,,,,,
2,,,6.349131615546119,6.349131615546119,0.9999999999999998,6.349131615546119,6.349131615546119,6.950819144240936e-05,6.950819144240936e-05,6.950819144240936e-05,,,,,,,,,,,,,,,,,,,,,,,
3,,,0.7912810002320536,0.7912810002320536,1.0,0.7912810002320536,0.7912810002320536,1.982371145654866e-05,1.982371145654866e-05,1.982371145654866e-05,,,,,,,,,,,,,,,,,,,,,,,
4,,,0.012461504206029057,0.012461504206029057,0.9999999999999999,0.012461504206029057,0.012461504206029057,2.7230975647852236e-06,2.7230975647852236e-06,2.7230975647852236e-06,,,,,,,,,,,,,,,,,,,,,,,
5,,,2.6491891927530227e-05,2.6491891927530227e-05,1.0,2.6491891927530227e-05,2.6491891927530227e-05,1.5967976386890185e-06,1.5967976386890185e-06,1.5967976386890185e-06,,,,,,,,,,,,,,,,,,,,,,,
6,,,1.915585381968034e-09,1.915585381968034e-09,1.0,1.915585381968034e-09,1.915585381968034e-09,1.6397605933483474e-06,1.6397605933483474e-06,1.6397605933483474e-06,,,,,,,,,,,,,,,,,,,,,,,
7,,,-1.215962968735599e-10,-1.215962968735599e-10,1.0000000000000002,-1.215962968735599e-10,-1.215962968735599e-10,1.6393845233539266e-06,1.6393845233539266e-06,1.6393845233539266e-06,,,,,,,,,,,,,,,,,,,,,,,
8,,,,,,-1.215962968735599e-10,-1.215962968735599e-10,1.6393845233539266e-06,,,,,,,,,,,,,,,,,,,,,,,,,
