Iteration,custom_tag,backend,cost_approx,cost_exact,cosine_sim,acc_cost_approx,acc_cost_exact,fidelities,fidelities_cost,fidelities_grad,archt,rhs,qubits,layers,parameters,seed_init,exact,shots,depth,cnots,operator,innerp,cost,optimizer,rotations,entangler,mixer,driver,driver_per,initial_qaoa,sabre,mapomatic,DD
0,full_vqa_exact_bfgs_1,simulator,0.45268346062740134,0.45268346062740134,1.0,0.45268346062740134,0.45268346062740134,8.940589480940786e-05,8.940589480940786e-05,8.940589480940786e-05,linear_alternating,hnx,8.0,0.0,8.0,5.0,True,1000.0,,,exact,Statevec,Sato21_Nonnorm,L_BFGS_B,ry,cz,rx,rzz,ryy,hadamards,True,False,False
1,,,0.1753162510214691,0.1753162510214691,1.0,0.1753162510214691,0.1753162510214691,9.539556482272141e-05,9.539556482272141e-05,9.539556482272141e-05,,,,,,,,,,,,,,,,,,,,,,,
2,,,3.183049394423747e-05,3.183049394423747e-05,1.0,3.183049394423747e-05,3.183049394423747e-05,9.558465400721634e-05,9.558465400721634e-05,9.558465400721634e-05,,,,,,,,,,,,,,,,,,,,,,,
3,,,-2.5453237879193636e-08,-2.5453237879193636e-08,1.0,-2.5453237879193636e-08,-2.5453237879193636e-08,9.55654343258155e-05,9.55654343258155e-05,9.55654343258155e-05,,,,,,,,,,,,,,,,,,,,,,,
4,,,-2.556821501416453e-08,-2.556821501416453e-08,1.0000000000000002,-2.556821501416453e-08,-2.556821501416453e-08,9.556546607545998e-05,9.556546607545998e-05,9.556546607545998e-05,,,,,,,,,,,,,,,,,,,,,,,
5,,,,,,-2.556821501416453e-08,-2.556821501416453e-08,9.556546607545998e-05,,,,,,,,,,,,,,,,,,,,,,,,,
