Iteration,custom_tag,backend,cost_approx,cost_exact,cosine_sim,acc_cost_approx,acc_cost_exact,fidelities,fidelities_cost,fidelities_grad,archt,rhs,qubits,layers,parameters,seed_init,exact,shots,depth,cnots,operator,innerp,cost,optimizer,rotations,entangler,mixer,driver,driver_per,initial_qaoa,sabre,mapomatic,DD
0,full_vqa_exact_bfgs_1,simulator,0.5793430423923189,0.5793430423923189,0.9999999999999998,0.5793430423923189,0.5793430423923189,0.045023908989551144,0.045023908989551144,0.045023908989551144,linear_alternating,hnx,3.0,0.0,3.0,0.0,True,1000.0,,,exact,Statevec,BravoPrieto20_Local,L_BFGS_B,ry,cz,rx,rzz,ryy,hadamards,True,False,False
1,,,0.4424713586067778,0.4424713586067778,1.0,0.3437935294205686,0.3437935294205686,0.5065965546156876,0.2634159912216592,0.2634159912216592,,,,,,,,,,,,,,,,,,,,,,,
2,,,0.6121326998462863,0.6121326998462863,0.9999999999999998,0.32551540650007604,0.32551540650007604,0.5970390799706529,0.03139717617944628,0.03139717617944628,,,,,,,,,,,,,,,,,,,,,,,
3,,,0.3437935294205686,0.3437935294205686,1.0,0.31233464946829786,0.31233464946829786,0.7239957070706488,0.5065965546156876,0.5065965546156876,,,,,,,,,,,,,,,,,,,,,,,
4,,,0.5400675460445065,0.5400675460445065,0.9999999999999999,0.31226466093694066,0.31226466093694066,0.7168417043547289,0.2841009888247298,0.2841009888247298,,,,,,,,,,,,,,,,,,,,,,,
5,,,0.32551540650007604,0.32551540650007604,1.0,0.31225267858457856,0.31225267858457856,0.7183544408387713,0.5970390799706529,0.5970390799706529,,,,,,,,,,,,,,,,,,,,,,,
6,,,0.31233464946829786,0.31233464946829786,1.0,0.3122522347262285,0.3122522347262285,0.7181442246918819,0.7239957070706488,0.7239957070706488,,,,,,,,,,,,,,,,,,,,,,,
7,,,0.31226466093694066,0.31226466093694066,1.0,0.3122516637290425,0.3122516637290425,0.7173034303742918,0.7168417043547289,0.7168417043547289,,,,,,,,,,,,,,,,,,,,,,,
8,,,0.31225267858457856,0.31225267858457856,1.0,0.3122516507109505,0.3122516507109505,0.7171902220309393,0.7183544408387713,0.7183544408387713,,,,,,,,,,,,,,,,,,,,,,,
9,,,0.3122522347262285,0.3122522347262285,1.0000000000000002,0.3122516507109505,0.3122516507109505,0.7171902220309393,0.7181442246918819,0.7181442246918819,,,,,,,,,,,,,,,,,,,,,,,
10,,,0.3122516637290425,0.3122516637290425,0.9999999999999998,,,,0.7173034303742918,0.7173034303742918,,,,,,,,,,,,,,,,,,,,,,,
11,,,0.3122516507109505,0.3122516507109505,1.0000000000000002,,,,0.7171902220309393,0.7171902220309393,,,,,,,,,,,,,,,,,,,,,,,
