Iteration,custom_tag,backend,cost_approx,cost_exact,cosine_sim,acc_cost_approx,acc_cost_exact,fidelities,fidelities_cost,fidelities_grad,archt,rhs,qubits,layers,parameters,seed_init,exact,shots,depth,cnots,operator,innerp,cost,optimizer,rotations,entangler,mixer,driver,driver_per,initial_qaoa,sabre,mapomatic,DD
0,full_vqa_exact_bfgs_1,simulator,0.7420299643495126,0.7420299643495126,1.0,0.7420299643495126,0.7420299643495126,0.01682471941481117,0.01682471941481117,0.01682471941481117,linear_alternating,hnx,3.0,0.0,3.0,12.0,True,1000.0,,,exact,Statevec,BravoPrieto20_Local,L_BFGS_B,ry,cz,rx,rzz,ryy,hadamards,True,False,False
1,,,0.5559582824631263,0.5559582824631263,1.0,0.36514901437577013,0.36514901437577013,0.5546284327231756,0.16375743374984778,0.16375743374984778,,,,,,,,,,,,,,,,,,,,,,,
2,,,0.36514901437577013,0.36514901437577013,1.0,0.3567354385368553,0.3567354385368553,0.7860914916213468,0.5546284327231756,0.5546284327231756,,,,,,,,,,,,,,,,,,,,,,,
3,,,0.3567354385368553,0.3567354385368553,0.9999999999999998,0.3130858159305363,0.3130858159305363,0.742693719962683,0.7860914916213468,0.7860914916213468,,,,,,,,,,,,,,,,,,,,,,,
4,,,0.3130858159305363,0.3130858159305363,1.0000000000000002,0.3125893384448329,0.3125893384448329,0.7388766973361252,0.742693719962683,0.742693719962683,,,,,,,,,,,,,,,,,,,,,,,
5,,,0.3125893384448329,0.3125893384448329,1.0,0.31234647379004676,0.31234647379004676,0.7035688276612099,0.7388766973361252,0.7388766973361252,,,,,,,,,,,,,,,,,,,,,,,
6,,,0.31234647379004676,0.31234647379004676,0.9999999999999999,0.31228264860752253,0.31228264860752253,0.7178079987388607,0.7035688276612099,0.7035688276612099,,,,,,,,,,,,,,,,,,,,,,,
7,,,0.31228264860752253,0.31228264860752253,1.0,0.31225225634857434,0.31225225634857434,0.7181026090642788,0.7178079987388607,0.7178079987388607,,,,,,,,,,,,,,,,,,,,,,,
8,,,0.31225225634857434,0.31225225634857434,0.9999999999999998,0.3122516568188238,0.3122516568188238,0.7170772396157682,0.7181026090642788,0.7181026090642788,,,,,,,,,,,,,,,,,,,,,,,
9,,,0.3122516568188238,0.3122516568188238,1.0,0.31225165064657934,0.31225165064657934,0.7171971905162422,0.7170772396157682,0.7170772396157682,,,,,,,,,,,,,,,,,,,,,,,
10,,,0.31225165064657934,0.31225165064657934,1.0,0.31225165064657934,0.31225165064657934,0.7171971905162422,0.7171971905162422,0.7171971905162422,,,,,,,,,,,,,,,,,,,,,,,
