Iteration,custom_tag,backend,cost_approx,cost_exact,cosine_sim,acc_cost_approx,acc_cost_exact,fidelities,fidelities_cost,fidelities_grad,archt,rhs,qubits,layers,parameters,seed_init,exact,shots,depth,cnots,operator,innerp,cost,optimizer,rotations,entangler,mixer,driver,driver_per,initial_qaoa,sabre,mapomatic,DD
0,full_vqa_exact_bfgs_1,simulator,0.1501426491391953,0.1501426491391953,0.9999999999999999,0.1501426491391953,0.1501426491391953,2.4847091143706306e-06,2.4847091143706306e-06,2.4847091143706306e-06,linear_alternating,hnx,8.0,0.0,8.0,9.0,True,1000.0,,,exact,Statevec,Sato21_Nonnorm,L_BFGS_B,ry,cz,rx,rzz,ryy,hadamards,True,False,False
1,,,0.5894038875651122,0.5894038875651122,1.0,-5.1049282473907956e-09,-5.1049282473907956e-09,2.4913684939998724e-06,2.5003236302327837e-06,2.5003236302327837e-06,,,,,,,,,,,,,,,,,,,,,,,
2,,,-5.1049282473907956e-09,-5.1049282473907956e-09,0.9999999999999998,-5.155813465387342e-09,-5.155813465387342e-09,2.4913763860097325e-06,2.4913684939998724e-06,2.4913684939998724e-06,,,,,,,,,,,,,,,,,,,,,,,
3,,,-5.155813465387342e-09,-5.155813465387342e-09,1.0,-5.155813465387342e-09,-5.155813465387342e-09,2.4913763860097325e-06,2.4913763860097325e-06,2.4913763860097325e-06,,,,,,,,,,,,,,,,,,,,,,,
