Iteration,custom_tag,backend,cost_approx,cost_exact,cosine_sim,acc_cost_approx,acc_cost_exact,fidelities,fidelities_cost,fidelities_grad,archt,rhs,qubits,layers,parameters,seed_init,exact,shots,depth,cnots,operator,innerp,cost,optimizer,rotations,entangler,mixer,driver,driver_per,initial_qaoa,sabre,mapomatic,DD
0,full_vqa_exact_bfgs_1,simulator,53.553011773833184,53.553011773833184,1.0,53.553011773833184,53.553011773833184,0.001981869351136368,0.001981869351136368,0.001981869351136368,linear_alternating,hnx,5.0,0.0,5.0,6.0,True,1000.0,,,exact,Statevec,Sato21_Nonnorm,L_BFGS_B,ry,cz,rx,rzz,ryy,hadamards,True,False,False
1,,,36.5925071565491,36.5925071565491,0.9999999999999998,36.5925071565491,36.5925071565491,0.0039343857721719005,0.0039343857721719005,0.0039343857721719005,,,,,,,,,,,,,,,,,,,,,,,
2,,,23.776258815888426,23.776258815888426,0.9999999999999999,23.776258815888426,23.776258815888426,0.01594455993840175,0.01594455993840175,0.01594455993840175,,,,,,,,,,,,,,,,,,,,,,,
3,,,6.74656538923711,6.74656538923711,0.9999999999999999,6.74656538923711,6.74656538923711,0.05986160691515451,0.05986160691515451,0.05986160691515451,,,,,,,,,,,,,,,,,,,,,,,
4,,,0.30061854017453654,0.30061854017453654,1.0,0.30061854017453654,0.30061854017453654,0.05912015580335301,0.05912015580335301,0.05912015580335301,,,,,,,,,,,,,,,,,,,,,,,
5,,,0.021443775031106685,0.021443775031106685,1.0,0.021443775031106685,0.021443775031106685,0.059002083986257836,0.059002083986257836,0.059002083986257836,,,,,,,,,,,,,,,,,,,,,,,
6,,,5.980209411731149e-07,5.980209411731149e-07,0.9999999999999998,5.980209411731149e-07,5.980209411731149e-07,0.058731399579053115,0.058731399579053115,0.058731399579053115,,,,,,,,,,,,,,,,,,,,,,,
7,,,-5.537442134705893e-12,-5.537442134705893e-12,1.0000000000000002,-5.537442134705893e-12,-5.537442134705893e-12,0.05872959772993883,0.05872959772993883,0.05872959772993883,,,,,,,,,,,,,,,,,,,,,,,
8,,,,,,-5.537442134705893e-12,-5.537442134705893e-12,0.05872959772993883,,,,,,,,,,,,,,,,,,,,,,,,,
