Iteration,custom_tag,backend,cost_approx,cost_exact,cosine_sim,acc_cost_approx,acc_cost_exact,fidelities,fidelities_cost,fidelities_grad,archt,rhs,qubits,layers,parameters,seed_init,exact,shots,depth,cnots,operator,innerp,cost,optimizer,rotations,entangler,mixer,driver,driver_per,initial_qaoa,sabre,mapomatic,DD
0,full_vqa_aer_bfgs_1,simulator,1.6738210210303697,1.623680318999346,0.9966947055977716,1.6738210210303697,1.623680318999346,0.0038302537503385205,0.0038302537503385205,0.0038302537503385205,linear_alternating,hnx,5.0,3.0,29.0,2.0,False,1000.0,13.0,0.0,SatoLiu21,HTest,Sato21_Nonnorm,L_BFGS_B,ry,cz,rx,rzz,ryy,hadamards,True,False,False
1,,,0.14076762922032585,0.1228778583062702,0.9986077590802759,0.14076762922032585,0.1228778583062702,0.0017688574291006489,0.0017688574291006489,0.0017688574291006489,,,,,,,,,17.0,2.0,,,,,,,,,,,,,
2,,,-0.00017391157563610726,0.00207028349477178,0.9910695316781717,-0.00017391157563610726,0.00207028349477178,0.00014439324577486946,0.00014439324577486946,0.00014439324577486946,,,,,,,,,18.0,3.0,,,,,,,,,,,,,
3,,,0.0006768691298790883,0.00037208095974714325,0.9965753484859012,-0.00061718857024898,0.002061776668864756,0.00014473970570214633,0.0005215334886208431,0.0005215334886208431,,,,,,,,,19.0,4.0,,,,,,,,,,,,,
4,,,0.0012006586159716494,0.0002853136966717896,0.9699579840131737,-0.00061718857024898,0.002061776668864756,0.00014473970570214633,0.0002632276789474538,0.0002632276789474538,,,,,,,,,20.0,5.0,,,,,,,,,,,,,
5,,,0.0038218370837973296,0.0016955252827207834,0.9967370893059976,-0.00061718857024898,0.002061776668864756,0.00014473970570214633,0.0001607776317913691,0.0001607776317913691,,,,,,,,,174.0,59.0,,,,,,,,,,,,,
6,,,-0.00061718857024898,0.002061776668864756,0.9968583335171047,,,,0.00014473970570214633,0.00014473970570214633,,,,,,,,,,,,,,,,,,,,,,,
7,,,0.0037399675883481864,0.001977730193644945,0.9963201060388752,,,,0.00016169533806412075,0.00016169533806412075,,,,,,,,,,,,,,,,,,,,,,,
8,,,0.005033493149750526,0.002061470218973045,0.8734998873123635,,,,0.00014479943454885158,0.00014479943454885158,,,,,,,,,,,,,,,,,,,,,,,
9,,,0.0038527322641714597,0.002061776665710871,0.9906999216338573,,,,0.00014473970631677854,0.00014473970631677854,,,,,,,,,,,,,,,,,,,,,,,
10,,,0.008410745175456745,0.002061776668864756,0.9973628452663188,,,,0.00014473970570214633,0.00014473970570214633,,,,,,,,,,,,,,,,,,,,,,,
