Iteration,custom_tag,backend,cost_approx,cost_exact,cosine_sim,acc_cost_approx,acc_cost_exact,fidelities,fidelities_cost,fidelities_grad,archt,rhs,qubits,layers,parameters,seed_init,exact,shots,depth,cnots,operator,innerp,cost,optimizer,rotations,entangler,mixer,driver,driver_per,initial_qaoa,sabre,mapomatic,DD
0,full_vqa_aer_bfgs_1,simulator,-0.007662835249042142,-0.00010211202328503029,-0.8423518882868114,-0.007662835249042142,-0.00010211202328503029,0.003235931552962554,0.003235931552962554,0.003235931552962554,linear_alternating,hnx,5.0,3.0,29.0,3.0,False,100.0,13,0,SatoLiu21,HTest,Sato21_Innerp,L_BFGS_B,ry,cz,rx,rzz,ryy,hadamards,True,False,False
1,,,-0.03745664739884391,-0.010089703042670447,0.9215880131148705,-0.03745664739884391,-0.010089703042670447,0.021006573862488574,0.021006573862488574,0.021006573862488574,,,,,,,,,17,2,,,,,,,,,,,,,
2,,,-0.0023041474654377898,-0.0014344176253521298,0.835358129422216,-0.03745664739884391,-0.010089703042670447,0.021006573862488574,0.012826522824579988,0.012826522824579988,,,,,,,,,18,3,,,,,,,,,,,,,
3,,,-0.03571428571428573,-0.015603936733764456,0.9383327575311069,,,,0.021725351420109135,0.021725351420109135,,,,,,,,,19,4,,,,,,,,,,,,,
4,,,-0.00304878048780488,-0.010698362430801262,0.8953970381031703,,,,0.02165070357029673,0.02165070357029673,,,,,,,,,20,5,,,,,,,,,,,,,
5,,,-0.0027932960893854767,-0.010089703042670447,0.9170119242330715,,,,0.021006573862488574,0.021006573862488574,,,,,,,,,174,59,,,,,,,,,,,,,
