Iteration,custom_tag,backend,cost_approx,cost_exact,cosine_sim,acc_cost_approx,acc_cost_exact,fidelities,fidelities_cost,fidelities_grad,archt,rhs,qubits,layers,parameters,seed_init,exact,shots,depth,cnots,operator,innerp,cost,optimizer,rotations,entangler,mixer,driver,driver_per,initial_qaoa,sabre,mapomatic,DD
0,full_vqa_exact_bfgs_1,simulator,-0.018567177948458496,-0.018567177948458496,1.0,-0.018567177948458496,-0.018567177948458496,0.021490827552733308,0.021490827552733308,0.021490827552733308,linear_alternating,hnx,3.0,0.0,3.0,2.0,True,1000.0,,,exact,Statevec,Sato21_Innerp,L_BFGS_B,ry,cz,rx,rzz,ryy,hadamards,True,False,False
1,,,-0.12635040287987287,-0.12635040287987287,0.9999999999999998,-0.6603164131160156,-0.6603164131160156,0.900792381366247,0.2923701227903658,0.2923701227903658,,,,,,,,,,,,,,,,,,,,,,,
2,,,-0.07394968006931159,-0.07394968006931159,0.9999999999999998,-0.6616324692797997,-0.6616324692797997,0.9051718710130122,0.1476151691571306,0.1476151691571306,,,,,,,,,,,,,,,,,,,,,,,
3,,,-0.6395035104334073,-0.6395035104334073,0.9999999999999998,-0.6629452636284509,-0.6629452636284509,0.9095889401024433,0.8857712573651364,0.8857712573651364,,,,,,,,,,,,,,,,,,,,,,,
4,,,-0.6566522327858659,-0.6566522327858659,0.9999999999999999,-0.6639678564228535,-0.6639678564228535,0.9136734578671223,0.8995675174884559,0.8995675174884559,,,,,,,,,,,,,,,,,,,,,,,
5,,,-0.6603164131160156,-0.6603164131160156,1.0,-0.6666657233975277,-0.6666657233975277,0.9238272130448149,0.900792381366247,0.900792381366247,,,,,,,,,,,,,,,,,,,,,,,
6,,,-0.1321909283839351,-0.1321909283839351,1.0000000000000002,-0.6666666665995211,-0.6666666665995211,0.9238310706145638,0.2947798667485988,0.2947798667485988,,,,,,,,,,,,,,,,,,,,,,,
7,,,-0.6616324692797997,-0.6616324692797997,1.0,-0.6666666665995211,-0.6666666665995211,0.9238310706145638,0.9051718710130122,0.9051718710130122,,,,,,,,,,,,,,,,,,,,,,,
8,,,-0.23637551613960178,-0.23637551613960178,1.0000000000000002,,,,0.6182177456132341,0.6182177456132341,,,,,,,,,,,,,,,,,,,,,,,
9,,,-0.6629452636284509,-0.6629452636284509,1.0,,,,0.9095889401024433,0.9095889401024433,,,,,,,,,,,,,,,,,,,,,,,
10,,,-0.6639678564228535,-0.6639678564228535,1.0000000000000002,,,,0.9136734578671223,0.9136734578671223,,,,,,,,,,,,,,,,,,,,,,,
11,,,-0.6666657233975277,-0.6666657233975277,1.0,,,,0.9238272130448149,0.9238272130448149,,,,,,,,,,,,,,,,,,,,,,,
12,,,-0.6666666665995211,-0.6666666665995211,1.0000000000000002,,,,0.9238310706145638,0.9238310706145638,,,,,,,,,,,,,,,,,,,,,,,
