Iteration,custom_tag,backend,cost_approx,cost_exact,cosine_sim,acc_cost_approx,acc_cost_exact,fidelities,fidelities_cost,fidelities_grad,archt,rhs,qubits,layers,parameters,seed_init,exact,shots,depth,cnots,operator,innerp,cost,optimizer,rotations,entangler,mixer,driver,driver_per,initial_qaoa,sabre,mapomatic,DD
0,full_vqa_aer_bfgs_1,simulator,66.71794264593414,75.7025224279003,0.936785011960247,66.71794264593414,75.7025224279003,0.01047465164069068,0.01047465164069068,0.01047465164069068,linear_alternating,hnx,5.0,3.0,29.0,10.0,False,100.0,13.0,0.0,SatoLiu21,HTest,Sato21_Nonnorm,L_BFGS_B,ry,cz,rx,rzz,ryy,hadamards,True,False,False
1,,,37.898723732948866,39.32784771032534,0.8827111030663723,37.898723732948866,39.32784771032534,0.02464740449807748,0.02464740449807748,0.02464740449807748,,,,,,,,,17.0,2.0,,,,,,,,,,,,,
2,,,45.21729652618461,38.86602046717067,0.9788099997650823,26.770751644500553,31.128571873453016,0.04387092185045428,0.06799977602571779,0.06799977602571779,,,,,,,,,18.0,3.0,,,,,,,,,,,,,
3,,,26.770751644500553,31.128571873453016,0.9120346719271261,22.05885789485347,20.9076917569281,0.08188715567547625,0.04387092185045428,0.04387092185045428,,,,,,,,,19.0,4.0,,,,,,,,,,,,,
4,,,22.05885789485347,20.9076917569281,0.8848540948060774,4.219409000732689,8.777679135660831,0.09733897174777935,0.08188715567547625,0.08188715567547625,,,,,,,,,20.0,5.0,,,,,,,,,,,,,
5,,,4.219409000732689,8.777679135660831,0.9564851540283118,4.219409000732689,8.777679135660831,0.09733897174777935,0.09733897174777935,0.09733897174777935,,,,,,,,,174.0,59.0,,,,,,,,,,,,,
6,,,8.523384692643706,9.230718262723185,0.9386914669308769,4.219409000732689,8.777679135660831,0.09733897174777935,0.019557700571043116,0.019557700571043116,,,,,,,,,,,,,,,,,,,,,,,
7,,,10.046139964923155,4.397311974997967,0.8536061432715527,,,,0.09012683655622997,0.09012683655622997,,,,,,,,,,,,,,,,,,,,,,,
8,,,9.99305916822131,8.086611854945438,0.9501682458154154,,,,0.09748422937725837,0.09748422937725837,,,,,,,,,,,,,,,,,,,,,,,
9,,,8.861783707345527,8.762426658546703,0.9380448587233494,,,,0.0973446794819429,0.0973446794819429,,,,,,,,,,,,,,,,,,,,,,,
10,,,5.979803213650043,8.777669523353905,0.943952289791828,,,,0.09733897537811156,0.09733897537811156,,,,,,,,,,,,,,,,,,,,,,,
11,,,8.526602072728982,8.777679135650752,0.920537454286413,,,,0.09733897174778301,0.09733897174778301,,,,,,,,,,,,,,,,,,,,,,,
12,,,14.024444904591768,8.777679135660831,0.9369942160591355,,,,0.09733897174777935,0.09733897174777935,,,,,,,,,,,,,,,,,,,,,,,
