Iteration,custom_tag,backend,cost_approx,cost_exact,cosine_sim,acc_cost_approx,acc_cost_exact,fidelities,fidelities_cost,fidelities_grad,archt,rhs,qubits,layers,parameters,seed_init,exact,shots,depth,cnots,operator,innerp,cost,optimizer,rotations,entangler,mixer,driver,driver_per,initial_qaoa,sabre,mapomatic,DD
0,full_vqa_exact_bfgs_1,simulator,174.282449027857,174.282449027857,1.0000000000000002,174.282449027857,174.282449027857,5.62020576444697e-07,5.62020576444697e-07,5.62020576444697e-07,linear_alternating,hnx,8.0,0.0,8.0,13.0,True,1000.0,,,exact,Statevec,Sato21_Nonnorm,L_BFGS_B,ry,cz,rx,rzz,ryy,hadamards,True,False,False
1,,,142.39069906209986,142.39069906209986,1.0000000000000002,142.39069906209986,142.39069906209986,6.922283824661796e-07,6.922283824661796e-07,6.922283824661796e-07,,,,,,,,,,,,,,,,,,,,,,,
2,,,4.017138433935176,4.017138433935176,1.0,4.017138433935176,4.017138433935176,2.897626170238099e-07,2.897626170238099e-07,2.897626170238099e-07,,,,,,,,,,,,,,,,,,,,,,,
3,,,0.013472880981700706,0.013472880981700706,1.0,0.013472880981700706,0.013472880981700706,1.4966515990063505e-06,1.4966515990063505e-06,1.4966515990063505e-06,,,,,,,,,,,,,,,,,,,,,,,
4,,,0.0001260290053535524,0.0001260290053535524,1.0,0.0001260290053535524,0.0001260290053535524,1.6201173325018674e-06,1.6201173325018674e-06,1.6201173325018674e-06,,,,,,,,,,,,,,,,,,,,,,,
5,,,-3.782419741090489e-08,-3.782419741090489e-08,1.0,-3.782419741090489e-08,-3.782419741090489e-08,1.633569622671203e-06,1.633569622671203e-06,1.633569622671203e-06,,,,,,,,,,,,,,,,,,,,,,,
6,,,-4.143717137343893e-08,-4.143717137343893e-08,0.9999999999999999,-4.143717137343893e-08,-4.143717137343893e-08,1.6336468363506282e-06,1.6336468363506282e-06,1.6336468363506282e-06,,,,,,,,,,,,,,,,,,,,,,,
7,,,,,,-4.143717137343893e-08,-4.143717137343893e-08,1.6336468363506282e-06,,,,,,,,,,,,,,,,,,,,,,,,,
