Iteration,custom_tag,backend,cost_approx,cost_exact,cosine_sim,acc_cost_approx,acc_cost_exact,fidelities,fidelities_cost,fidelities_grad,archt,rhs,qubits,layers,parameters,seed_init,exact,shots,depth,cnots,operator,innerp,cost,optimizer,rotations,entangler,mixer,driver,driver_per,initial_qaoa,sabre,mapomatic,DD
0,full_vqa_exact_bfgs_1,simulator,188.21247923678862,188.21247923678862,1.0,188.21247923678862,188.21247923678862,2.920568545354481e-05,2.920568545354481e-05,2.920568545354481e-05,linear_alternating,hnx,5.0,0.0,5.0,13.0,True,1000.0,,,exact,Statevec,Sato21_Nonnorm,L_BFGS_B,ry,cz,rx,rzz,ryy,hadamards,True,False,False
1,,,154.81655969583028,154.81655969583028,1.0,154.81655969583028,154.81655969583028,5.530358876529106e-05,5.530358876529106e-05,5.530358876529106e-05,,,,,,,,,,,,,,,,,,,,,,,
2,,,0.22378757604704902,0.22378757604704902,1.0000000000000002,0.22378757604704902,0.22378757604704902,0.00020452256934194534,0.00020452256934194534,0.00020452256934194534,,,,,,,,,,,,,,,,,,,,,,,
3,,,0.003832300250791487,0.003832300250791487,1.0000000000000002,0.003832300250791487,0.003832300250791487,0.00022709211538950825,0.00022709211538950825,0.00022709211538950825,,,,,,,,,,,,,,,,,,,,,,,
4,,,1.0687152442230876e-06,1.0687152442230876e-06,1.0,1.0687152442230876e-06,1.0687152442230876e-06,0.00023013562035803647,0.00023013562035803647,0.00023013562035803647,,,,,,,,,,,,,,,,,,,,,,,
5,,,-6.499386171367053e-08,-6.499386171367053e-08,1.0000000000000002,-6.499386171367053e-08,-6.499386171367053e-08,0.00023018805272491586,0.00023018805272491586,0.00023018805272491586,,,,,,,,,,,,,,,,,,,,,,,
6,,,,,,-6.499386171367053e-08,-6.499386171367053e-08,0.00023018805272491586,,,,,,,,,,,,,,,,,,,,,,,,,
