Iteration,custom_tag,backend,cost_approx,cost_exact,cosine_sim,acc_cost_approx,acc_cost_exact,fidelities,fidelities_cost,fidelities_grad,archt,rhs,qubits,layers,parameters,seed_init,exact,shots,depth,cnots,operator,innerp,cost,optimizer,rotations,entangler,mixer,driver,driver_per,initial_qaoa,sabre,mapomatic,mem,DD
0,ehningen_15nov22,ibmq_ehningen,100.60120238809401,103.70540904009341,0.9731169414385048,100.60120238809401,103.70540904009341,0.002350346819086985,0.002350346819086985,0.002350346819086985,linear_alternating,hnx,5.0,3.0,29.0,0.0,False,10000.0,44.0,12.0,SatoLiu21,HTest,Sato21_Nonnorm,L_BFGS_B,ry,cz,rx,rzz,ryy,hadamards,True,True,True,False
1,,,57.813966694276544,56.83375552653626,0.955311705038712,57.813966694276544,56.83375552653626,0.01187715437286777,0.01187715437286777,0.01187715437286777,,,,,,,,,45.0,14.0,,,,,,,,,,,,,,
2,,,1.071009661904337,1.4784436674390096,0.9806017391925264,1.071009661904337,1.4784436674390096,0.12657897817514607,0.12657897817514607,0.12657897817514607,,,,,,,,,52.0,16.0,,,,,,,,,,,,,,
3,,,0.05511830110794354,0.18679697839480908,0.9716643086135351,0.05511830110794354,0.18679697839480908,0.183394891839749,0.183394891839749,0.183394891839749,,,,,,,,,61.0,18.0,,,,,,,,,,,,,,
4,,,0.006195925170420847,0.060847136629396274,0.9873706631112537,0.006195925170420847,0.060847136629396274,0.1801697936958314,0.1801697936958314,0.1801697936958314,,,,,,,,,68.0,20.0,,,,,,,,,,,,,,
5,,,-0.0008194542214067301,0.009248247320214757,-0.9851975714633383,-0.0008194542214067301,0.009248247320214757,0.1741894841360466,0.1741894841360466,0.1741894841360466,,,,,,,,,704.0,222.0,,,,,,,,,,,,,,
6,,,,,,-0.0008194542214067301,0.009248247320214757,0.1741894841360466,,,,,,,,,,,,,,,,,,,,,,,,,,
