Iteration,custom_tag,backend,cost_approx,cost_exact,cosine_sim,acc_cost_approx,acc_cost_exact,fidelities,fidelities_cost,fidelities_grad,archt,rhs,qubits,layers,parameters,seed_init,exact,shots,depth,cnots,operator,innerp,cost,optimizer,rotations,entangler,mixer,driver,driver_per,initial_qaoa,sabre,mapomatic,DD
0,full_vqa_exact_bfgs_1,simulator,-0.004538158143842669,-0.004538158143842669,0.9999999999999998,-0.004538158143842669,-0.004538158143842669,0.0020322316834905938,0.0020322316834905938,0.0020322316834905938,linear_alternating,hnx,3.0,0.0,3.0,7.0,True,1000.0,,,exact,Statevec,Sato21_Innerp,L_BFGS_B,ry,cz,rx,rzz,ryy,hadamards,True,False,False
1,,,-0.11300681154615223,-0.11300681154615223,0.9999999999999999,-0.618998763799868,-0.618998763799868,0.751270622226438,0.18970998103768402,0.18970998103768402,,,,,,,,,,,,,,,,,,,,,,,
2,,,-0.09680892050274895,-0.09680892050274895,1.0,-0.6193047492610845,-0.6193047492610845,0.7632133690235322,0.23399482518410672,0.23399482518410672,,,,,,,,,,,,,,,,,,,,,,,
3,,,-0.618998763799868,-0.618998763799868,0.9999999999999999,-0.6613179105497514,-0.6613179105497514,0.9026699292054584,0.751270622226438,0.751270622226438,,,,,,,,,,,,,,,,,,,,,,,
4,,,-0.011403230670563072,-0.011403230670563072,1.0,-0.6644206488214238,-0.6644206488214238,0.9227936905999089,0.03194678112127202,0.03194678112127202,,,,,,,,,,,,,,,,,,,,,,,
5,,,-0.6193047492610845,-0.6193047492610845,1.0000000000000002,-0.665862328012636,-0.665862328012636,0.9224728893095123,0.7632133690235322,0.7632133690235322,,,,,,,,,,,,,,,,,,,,,,,
6,,,-0.6613179105497514,-0.6613179105497514,1.0,-0.6666666469484563,-0.6666666469484563,0.9238310312826641,0.9026699292054584,0.9026699292054584,,,,,,,,,,,,,,,,,,,,,,,
7,,,-0.6644206488214238,-0.6644206488214238,1.0000000000000002,-0.6666666666636214,-0.6666666666636214,0.9238310708845523,0.9227936905999089,0.9227936905999089,,,,,,,,,,,,,,,,,,,,,,,
8,,,-0.665862328012636,-0.665862328012636,1.0,-0.6666666666636214,-0.6666666666636214,0.9238310708845523,0.9224728893095123,0.9224728893095123,,,,,,,,,,,,,,,,,,,,,,,
9,,,-0.6666666469484563,-0.6666666469484563,1.0,,,,0.9238310312826641,0.9238310312826641,,,,,,,,,,,,,,,,,,,,,,,
10,,,-0.6666666666636214,-0.6666666666636214,0.9999999999999999,,,,0.9238310708845523,0.9238310708845523,,,,,,,,,,,,,,,,,,,,,,,
