Iteration,custom_tag,backend,cost_approx,cost_exact,cosine_sim,acc_cost_approx,acc_cost_exact,fidelities,fidelities_cost,fidelities_grad,archt,rhs,qubits,layers,parameters,seed_init,exact,shots,depth,cnots,operator,innerp,cost,optimizer,rotations,entangler,mixer,driver,driver_per,initial_qaoa,sabre,mapomatic,DD
0,full_vqa_aer_bfgs_1,simulator,0.11708369421537776,0.12023255861204768,0.9974960331200065,0.11708369421537776,0.12023255861204768,0.06075804561751194,0.06075804561751194,0.06075804561751194,linear_alternating,hnx,5.0,3.0,29.0,5.0,False,100.0,13.0,0.0,SatoLiu21,HTest,Sato21_Nonnorm,L_BFGS_B,ry,cz,rx,rzz,ryy,hadamards,True,False,False
1,,,0.5481381562060784,0.4219026670881332,0.9882703878606846,-0.014318326122501559,-0.01257072818722765,0.05402586481540741,0.039851478750487446,0.039851478750487446,,,,,,,,,17.0,2.0,,,,,,,,,,,,,
2,,,-0.014318326122501559,-0.01257072818722765,0.953838604012835,-0.03732202153384501,-0.016709502294585264,0.057151202818014106,0.05402586481540741,0.05402586481540741,,,,,,,,,18.0,3.0,,,,,,,,,,,,,
3,,,-0.03732202153384501,-0.016709502294585264,-0.3722124757817957,-0.03732202153384501,-0.016709502294585264,0.057151202818014106,0.057151202818014106,0.057151202818014106,,,,,,,,,19.0,4.0,,,,,,,,,,,,,
4,,,-0.0033575762411947666,-0.016546175520575523,0.9634480030835072,-0.03732202153384501,-0.016709502294585264,0.057151202818014106,0.059583600991371805,0.059583600991371805,,,,,,,,,20.0,5.0,,,,,,,,,,,,,
5,,,-0.020915581330926403,-0.01670915104832662,-0.6004839224456552,,,,0.05716513523240363,0.05716513523240363,,,,,,,,,174.0,59.0,,,,,,,,,,,,,
6,,,-0.03206916748834089,-0.01670950227042861,0.981499468448892,,,,0.05715120378571259,0.05715120378571259,,,,,,,,,,,,,,,,,,,,,,,
7,,,-0.013389205894128113,-0.016709502294585264,0.9315745587281616,,,,0.057151202818014106,0.057151202818014106,,,,,,,,,,,,,,,,,,,,,,,
8,,,-0.0063283062998913025,-0.016709502294585264,0.8248675065041001,,,,0.057151202818014106,0.057151202818014106,,,,,,,,,,,,,,,,,,,,,,,
