Iteration,custom_tag,backend,cost_approx,cost_exact,cosine_sim,acc_cost_approx,acc_cost_exact,fidelities,fidelities_cost,fidelities_grad,archt,rhs,qubits,layers,parameters,seed_init,exact,shots,depth,cnots,operator,innerp,cost,optimizer,rotations,entangler,mixer,driver,driver_per,initial_qaoa,sabre,mapomatic,DD
0,full_vqa_aer_bfgs_1,simulator,1.7443123325934797,1.623680318999346,0.9754628279798379,1.7443123325934797,1.623680318999346,0.0038302537503385205,0.0038302537503385205,0.0038302537503385205,linear_alternating,hnx,5.0,3.0,29.0,2.0,False,100.0,13.0,0.0,SatoLiu21,HTest,Sato21_Nonnorm,L_BFGS_B,ry,cz,rx,rzz,ryy,hadamards,True,False,False
1,,,0.20051494332501718,0.1382926735433628,0.9674744495581027,0.20051494332501718,0.1382926735433628,0.0009160590540372738,0.0009160590540372738,0.0009160590540372738,,,,,,,,,17.0,2.0,,,,,,,,,,,,,
2,,,-0.0003926579984708009,0.009819649902214228,0.9557014251094236,-0.0003926579984708009,0.009819649902214228,0.00029664662050632733,0.00029664662050632733,0.00029664662050632733,,,,,,,,,18.0,3.0,,,,,,,,,,,,,
3,,,-0.008068479906179333,-0.00018655793458819385,0.8766595430174413,-0.008068479906179333,-0.00018655793458819385,0.00177091401564127,0.00177091401564127,0.00177091401564127,,,,,,,,,19.0,4.0,,,,,,,,,,,,,
4,,,0.00011430365430602653,-0.0008321028028598037,0.22019310509365964,-0.009010641144913472,-0.00020340725545992956,0.0017875524894259743,0.0028137924695090365,0.0028137924695090365,,,,,,,,,20.0,5.0,,,,,,,,,,,,,
5,,,-0.009010641144913472,-0.00020340725545992956,0.8093981867793019,-0.009010641144913472,-0.00020340725545992956,0.0017875524894259743,0.0017875524894259743,0.0017875524894259743,,,,,,,,,174.0,59.0,,,,,,,,,,,,,
6,,,0.0022764600179645193,-0.0004249947859153419,0.9392918490843201,-0.009010641144913472,-0.00020340725545992956,0.0017875524894259743,0.0019938869589029248,0.0019938869589029248,,,,,,,,,,,,,,,,,,,,,,,
7,,,-0.0020345546900947973,-0.00020403399907479745,0.8834378341583121,,,,0.0017880597301849121,0.0017880597301849121,,,,,,,,,,,,,,,,,,,,,,,
8,,,0.00832199625654003,-0.00020340726202024923,0.8661236842068277,,,,0.0017875524947336104,0.0017875524947336104,,,,,,,,,,,,,,,,,,,,,,,
9,,,-0.0032251546185938515,-0.00020340725545992956,0.9133627328101851,,,,0.0017875524894259743,0.0017875524894259743,,,,,,,,,,,,,,,,,,,,,,,
