Iteration,custom_tag,backend,cost_approx,cost_exact,cosine_sim,acc_cost_approx,acc_cost_exact,fidelities,fidelities_cost,fidelities_grad,archt,rhs,qubits,layers,parameters,seed_init,exact,shots,depth,cnots,operator,innerp,cost,optimizer,rotations,entangler,mixer,driver,driver_per,initial_qaoa,sabre,mapomatic,DD
0,full_vqa_aer_bfgs_1,simulator,-1.6200891049006375e-07,-4.577130503227331e-07,-0.9956523234417605,-1.6200891049006375e-07,-4.577130503227331e-07,0.004769985867494228,0.004769985867494228,0.004769985867494228,linear_alternating,hnx,5.0,3.0,29.0,8.0,False,10000.0,13.0,0.0,SatoLiu21,HTest,Sato21_Innerp,L_BFGS_B,ry,cz,rx,rzz,ryy,hadamards,True,False,False
1,,,-0.033158699229807104,-0.03471738850665728,0.9993678741352215,-0.124843889011231,-0.1259895015525973,0.22879885421531843,0.06020443605547442,0.06020443605547442,,,,,,,,,17.0,2.0,,,,,,,,,,,,,
2,,,-0.009515956201939154,-0.010685348364289781,0.9988642961547433,-0.13193210848643924,-0.1255603688985911,0.23199426028691272,0.040319150292548955,0.040319150292548955,,,,,,,,,18.0,3.0,,,,,,,,,,,,,
3,,,-0.12175414054054048,-0.12531494126270543,0.9994346046040237,-0.13193210848643924,-0.1255603688985911,0.23199426028691272,0.22381737215582478,0.22381737215582478,,,,,,,,,19.0,4.0,,,,,,,,,,,,,
4,,,-0.124843889011231,-0.1259895015525973,0.9994201282967463,,,,0.22879885421531843,0.22879885421531843,,,,,,,,,20.0,5.0,,,,,,,,,,,,,
5,,,-2.1370470791224985e-05,-3.116409814478529e-05,-0.9865544435576808,,,,0.0013759380268374768,0.0013759380268374768,,,,,,,,,174.0,59.0,,,,,,,,,,,,,
6,,,-0.13193210848643924,-0.1255603688985911,0.9994030343912659,,,,0.23199426028691272,0.23199426028691272,,,,,,,,,,,,,,,,,,,,,,,
7,,,-0.11758161018778335,-0.12598668181532857,0.9994091776291888,,,,0.22917465475488347,0.22917465475488347,,,,,,,,,,,,,,,,,,,,,,,
8,,,-0.12925459459459468,-0.12556536213244932,0.9993313900164154,,,,0.23197824256174218,0.23197824256174218,,,,,,,,,,,,,,,,,,,,,,,
9,,,-0.11463582887700537,-0.1255603688985911,0.9994189385871357,,,,0.23199426028691272,0.23199426028691272,,,,,,,,,,,,,,,,,,,,,,,
