,backend,archt,shots,rotations,entangler,qubits,layers,parameters,depth,cnots,p=50,p=0,p=5,p=25,p=75,p=95,p=100
0,aer_simulator,linear,10,['ry'],cz,5,11,60,37,0,0.5023853976272987,0.3386231506151528,0.3472319184502091,0.4222752675778452,0.5834752346309325,0.7171578036420816,0.767512325201548
1,aer_simulator,linear,100,['ry'],cz,5,11,60,37,0,0.9142267676144372,0.8609461870649651,0.878050088819338,0.899461567521681,0.9267233270836888,0.936668708474216,0.9475058650432848
2,aer_simulator,linear,1000,['ry'],cz,5,11,60,37,0,0.9916673802827596,0.9862870606278764,0.987796804107678,0.9900951164826542,0.992968501855078,0.9942993855500042,0.9952150049406744
3,aer_simulator,linear,10000,['ry'],cz,5,11,60,37,0,0.9991651238325694,0.998472361609008,0.9989101417716644,0.9990667986034008,0.9993192512754056,0.9995122894928185,0.999569275672008
4,aer_simulator,linear,100000,['ry'],cz,5,11,60,37,0,0.9999201394603744,0.99987928471863,0.9998923976502608,0.999911224743949,0.9999376723689716,0.9999452506384316,0.9999667846223248
