,backend,archt,shots,rotations,entangler,qubits,layers,parameters,depth,cnots,p=50,p=0,p=5,p=25,p=75,p=95,p=100
0,aer_simulator,linear,10,['ry'],cz,10,5,60,24,0,0.0624538672730652,0.0191018256217418,0.0257847971044693,0.0454318384976874,0.1085414438329625,0.1954091257595714,0.2098637589259997
1,aer_simulator,linear,100,['ry'],cz,10,5,60,24,0,0.3855950983113341,0.2554721805369681,0.2962104113541689,0.3259548643207217,0.4587437184088034,0.5447936196264427,0.6006251702500695
2,aer_simulator,linear,1000,['ry'],cz,10,5,60,24,0,0.8210882926465618,0.772229187838281,0.7838751785999707,0.804104111597534,0.8385828509254767,0.8675262257958765,0.8999677600295114
3,aer_simulator,linear,10000,['ry'],cz,10,5,60,24,0,0.9735942843154418,0.9692792673252054,0.9707079819116496,0.9721401323790426,0.97468036294131,0.9789701857263536,0.9803306644873958
4,aer_simulator,linear,100000,['ry'],cz,10,5,60,24,0,0.997183360033755,0.9969202760043449,0.997006571263412,0.9971084658606926,0.9972768189155709,0.9974164973236472,0.9976119412709922
