,backend,archt,shots,rotations,entangler,qubits,layers,parameters,depth,cnots,p=50,p=0,p=5,p=25,p=75,p=95,p=100
0,aer_simulator,linear,10,['ry'],cz,5,5,30,19,0,0.54298890019938,0.2647393626969697,0.3314346784619141,0.4512640977657078,0.5906182864320657,0.7336750781221596,0.7621635113961546
1,aer_simulator,linear,100,['ry'],cz,5,5,30,19,0,0.9115106143997148,0.8159402415952913,0.8699330518981794,0.8850272054913352,0.9283306199893164,0.9462150423964776,0.953636372988648
2,aer_simulator,linear,1000,['ry'],cz,5,5,30,19,0,0.991341852682279,0.9843595196531796,0.9878857956418396,0.9899784655753332,0.9933521627522596,0.994724448418247,0.9956078484252578
3,aer_simulator,linear,10000,['ry'],cz,5,5,30,19,0,0.999150523363398,0.9986655949701276,0.9988824621575464,0.9990973325279812,0.999322484320018,0.9994323560425762,0.999457945139821
4,aer_simulator,linear,100000,['ry'],cz,5,5,30,19,0,0.9999177899148002,0.999853667743412,0.9998815732271292,0.9999037596134568,0.999933100759118,0.9999428769633036,0.9999461462516231
