,backend,archt,shots,rotations,entangler,qubits,layers,parameters,depth,cnots,p=50,p=0,p=5,p=25,p=75,p=95,p=100
0,ibm_lagos,linear,1000,['ry'],cx,3,0,3,5,0,0.996637073505819,0.9740693660366762,0.9870215030171005,0.9947206024471578,0.9977216154695172,0.9988144059061818,0.9994884169730762
1,ibm_lagos,linear,1000,['ry'],cx,3,1,6,11,2,0.9913866469492184,0.9635669302083654,0.9727152711602745,0.987081435395167,0.9958765326597738,0.9980585072127972,0.9993358915361744
2,ibm_lagos,linear,1000,['ry'],cx,3,2,9,17,4,0.9862733375200878,0.954987823554166,0.9672496860596252,0.9817875018076242,0.9924576596814,0.996593338893999,0.9983438675918552
3,ibm_lagos,linear,1000,['ry'],cx,5,0,5,5,0,0.9888540938033972,0.9710029103733356,0.9755391109934644,0.9850782633660824,0.9906542502491182,0.9926826285684353,0.9944102722496664
4,ibm_lagos,linear,1000,['ry'],cx,5,1,10,13,4,0.969465396083168,0.9095572021060808,0.9444855526993208,0.9589828531841692,0.976109494067246,0.9829815193553748,0.9901756879830516
5,ibm_lagos,linear,1000,['ry'],cx,5,2,15,19,8,0.9437950717174608,0.8596060367219329,0.8931620788074239,0.929734932584864,0.961055944189042,0.974055352027014,0.9805448463548636
6,ibm_lagos,linear,1000,['ry'],cx,7,0,7,5,0,0.9701525457362496,0.9531177623228988,0.9579322897939668,0.963915898969824,0.9742684999658036,0.9778619869219808,0.9828453161944842
7,ibm_lagos,linear,1000,['ry'],cx,7,1,14,29,12,0.8020589106434323,0.3217519890108953,0.5192750782595938,0.6893945246421656,0.8833484370904429,0.9150737780094848,0.923073841647813
8,ibm_lagos,linear,1000,['ry'],cx,7,2,21,37,18,0.6627116204080543,0.305316520335719,0.4090175207435307,0.5703235591800794,0.707910192467267,0.8066507949763837,0.8512559163394481
