,backend,archt,shots,rotations,entangler,qubits,layers,parameters,depth,cnots,p=50,p=0,p=5,p=25,p=75,p=95,p=100
0,ibmq_ehningen,linear,10,['ry'],cz,5,11,60,114,44,0.3030680923907691,0.0691275562819742,0.1789850901842718,0.2504069323123389,0.4144192700316719,0.4953836089480719,0.511500579020403
1,ibmq_ehningen,linear,100,['ry'],cz,5,11,60,114,44,0.7684007913701705,0.5949276506137137,0.6693813561349612,0.7462670416993228,0.8141460594137409,0.8427802582229253,0.8451944741147027
2,ibmq_ehningen,linear,1000,['ry'],cz,5,11,60,114,44,0.8755336844312338,0.7755161060404827,0.8059115846034157,0.8444610388863404,0.8984340835047098,0.9192586660371505,0.9305392483033575
3,ibmq_ehningen,linear,10000,['ry'],cz,5,11,60,114,44,0.8625029414971503,0.7547844583740687,0.7821721395040969,0.8279433178192884,0.886831554718893,0.9185640949720678,0.9315412283491168
4,ibmq_ehningen,linear,100000,['ry'],cz,5,11,60,114,44,0.8600075984700734,0.7566160480294798,0.7827179597353697,0.8248407920582488,0.8865348808044251,0.9195773107513536,0.9276369132352597
