,backend,qubits,layers,parameters,depth,cnots,mem,shots,p=0,p=5,p=25,p=50,p=75,p=95,p=100
0,ibmq_jakarta,3,0,3,5,0,False,1000,0.937642461855762,0.970695833819633,0.981108632569562,0.9924246100147304,0.995497366349806,0.9970872096350768,0.9985154922553032
1,ibmq_jakarta,3,1,6,11,2,False,1000,0.9245537761161586,0.9297640896855376,0.962065331826672,0.9775401260519634,0.9869599354455264,0.9939108187709969,0.9950786597114112
2,ibmq_jakarta,3,2,9,17,4,False,1000,0.8883473975113944,0.9357191786286132,0.9622199001889302,0.9745764720045248,0.9825979804239278,0.9912383695084352,0.99373063730746
3,ibmq_jakarta,5,0,5,5,0,False,1000,0.9340371072383638,0.9455441615364176,0.9645103082355486,0.9769724768125008,0.9865203107592592,0.9910254039063512,0.9936759663977413
4,ibmq_jakarta,5,1,10,13,4,False,1000,0.8539327102053164,0.9026051615552206,0.9469600903631976,0.9592937061760552,0.96779038167402,0.973765873096954,0.9770016546221084
5,ibmq_jakarta,5,2,15,19,8,False,1000,0.8765237705932607,0.89426415217879,0.9149157422829106,0.9337547436484032,0.945666569446535,0.9530883950016982,0.9620054365418652
6,ibmq_jakarta,7,0,7,5,0,False,1000,0.8931672767771135,0.9212175625241776,0.9480767522158708,0.9559891699316652,0.9623049678550232,0.973208892549166,0.9771546546718672
7,ibmq_jakarta,7,1,14,29,12,False,1000,0.5978192973825297,0.7127131072963668,0.8006411115109386,0.8532018547539526,0.8865753087178303,0.9218359837808467,0.9316190894913624
8,ibmq_jakarta,7,2,21,37,18,False,1000,0.5755001501030503,0.5881334750107494,0.7134462392976216,0.7845965173047387,0.834567479820017,0.8632370751453784,0.8861662372519381
