,backend,archt,shots,rotations,entangler,qubits,layers,parameters,depth,cnots,p=50,p=0,p=5,p=25,p=75,p=95,p=100
0,ibmq_ehningen,linear,10,['ry'],cz,10,5,60,80,45,0.0256560348506243,0.0048277694219422,0.0094178694402481,0.0145757705007506,0.0341866654287862,0.0578280608797293,0.0835118688019348
1,ibmq_ehningen,linear,100,['ry'],cz,10,5,60,80,45,0.1454527357375439,0.0701556715219206,0.0900377087012118,0.1208924676641714,0.18357452521293,0.2551941340579536,0.3337099986163597
2,ibmq_ehningen,linear,1000,['ry'],cz,10,5,60,80,45,0.4802787866768316,0.3220885744441143,0.3970235183427412,0.4504234198329126,0.5304300835601806,0.5871048266392124,0.6314504790713584
3,ibmq_ehningen,linear,10000,['ry'],cz,10,5,60,80,45,0.6473512030017651,0.4429756579179663,0.5547182374673657,0.605669152229356,0.6827107835703885,0.7410560599830124,0.750097330202551
4,ibmq_ehningen,linear,100000,['ry'],cz,10,5,60,80,45,0.6569282684385067,0.438834876844682,0.5294340898537673,0.6138663941500854,0.6942210221278751,0.7573773456126788,0.7770303017515032
