,backend,archt,shots,rotations,entangler,qubits,layers,parameters,depth,cnots,p=50,p=0,p=5,p=25,p=75,p=95,p=100
0,ibmq_ehningen,linear,10,['ry'],cz,5,5,30,60,20,0.438299601727255,0.205494073256245,0.3046312947262876,0.374883637174728,0.5335194182978756,0.6402082964278273,0.7659689389266203
1,ibmq_ehningen,linear,100,['ry'],cz,5,5,30,60,20,0.8714508416011975,0.7767291132208013,0.8015816685447564,0.8393047120421786,0.8866919104777277,0.9218958186277983,0.9338350512368052
2,ibmq_ehningen,linear,1000,['ry'],cz,5,5,30,60,20,0.9335445445292092,0.8895005377064765,0.8954114760885128,0.9239824629796366,0.950896424431566,0.9624494212384824,0.975273587903974
3,ibmq_ehningen,linear,10000,['ry'],cz,5,5,30,60,20,0.9448907440837522,0.8879084519841611,0.9015410646092528,0.9254823025182936,0.9544218257705548,0.9610218185424066,0.9677331563646644
4,ibmq_ehningen,linear,100000,['ry'],cz,5,5,30,60,20,0.940609342905953,0.8827231319234718,0.891493771104435,0.9186119417670192,0.9502810629510752,0.9628528309008818,0.9656699905885956
