,backend,archt,entangler,sabre,mapomatic,DD,mem,qubits,layers,parameters,depth,cnots,shots,p=50,p=0,p=5,p=25,p=75,p=95,p=100
0,ibmq_ehningen,linear_periodic,cx,True,True,True,True,5,0,15,11,0,1000,0.9888880762877446,0.9748235718286418,0.9800562154202612,0.9842078702871871,0.9909784858230628,0.9931271407354154,0.9953251659458724
1,ibmq_ehningen,linear_periodic,cx,True,True,True,True,5,1,30,43,11,1000,0.9361512767484316,0.8821130597527617,0.8897492836800917,0.917964682741454,0.9550291259035026,0.9685591125362534,0.9761132273234728
2,ibmq_ehningen,linear_periodic,cx,True,True,True,True,5,2,45,88,28,1000,0.8358620892859618,0.6798118849448462,0.7756323851721478,0.8026267882297885,0.8697981708006723,0.8913840701367569,0.8986312085497838
3,ibmq_ehningen,linear_periodic,cx,True,True,True,True,5,3,60,133,45,1000,0.7790339608864408,0.6707323959730067,0.6814262832359593,0.747553174520116,0.8280311254232159,0.8567441286562429,0.873713319914127
4,ibmq_ehningen,linear_periodic,cx,True,True,True,True,5,4,75,182,62,1000,0.7619239877068016,0.6618153207699393,0.6947871102985242,0.7394378685637533,0.8025113413432668,0.8205245402175317,0.8442732601617101
5,ibmq_ehningen,linear_periodic,cx,True,True,True,True,5,5,90,237,81,1000,0.7731169185412183,0.613213564666434,0.6778753457371242,0.7483091294818018,0.8020820932616175,0.8456910394074457,0.8550268696260758
