,backend,archt,entangler,sabre,mapomatic,DD,mem,qubits,layers,parameters,depth,cnots,shots,p=50,p=0,p=5,p=25,p=75,p=95,p=100
0,ibmq_ehningen,linear_periodic,cx,True,False,False,True,5,0,15,11,0,1000,0.9752319627226298,0.8005570024246775,0.9153657751375172,0.955288178862192,0.9823805184143142,0.9873525375407288,0.9904339485107742
1,ibmq_ehningen,linear_periodic,cx,True,False,False,True,5,1,30,42,11,1000,0.8778810222353118,0.7309407361291895,0.7779616008273897,0.8180473257949958,0.9075110655569328,0.9455021075763764,0.9548100499795732
2,ibmq_ehningen,linear_periodic,cx,True,False,False,True,5,2,45,76,28,1000,0.806838270254119,0.6258951255116059,0.6935996074405129,0.7772531991551465,0.8498613697603408,0.8819128616806151,0.8927646987014988
3,ibmq_ehningen,linear_periodic,cx,True,False,False,True,5,3,60,123,45,1000,0.7460168935345661,0.5425677905961668,0.6525371052033938,0.7003475285772464,0.7902205898120613,0.8101044292838594,0.85838754773256
4,ibmq_ehningen,linear_periodic,cx,True,False,False,True,5,4,75,174,62,1000,0.7398822785227075,0.5951604932054588,0.6399496312558481,0.7049836302948852,0.7730368662131684,0.8389502890058773,0.8894685461793148
5,ibmq_ehningen,linear_periodic,cx,True,False,False,True,5,5,90,219,81,1000,0.7966795854343045,0.6289846671576742,0.7210464561688466,0.7644824635723579,0.8168060404403827,0.8528630975890688,0.8805176335154368
