eval,fidelities_cost
0,0.0023503468190869
1,0.0118771543728677
2,0.126578978175146
3,0.183394891839749
4,0.1801697936958314
5,0.1741894841360466
