eval,fidelities_cost
0,0.004869173227414
1,0.0043612127773379
2,0.1969425941304445
3,0.0264961016165761
4,0.2762231288449204
5,0.275174432128506
6,0.0179301153894417
7,0.2749179181380813
8,0.554890550115071
9,0.3488793869848457
10,0.8097582983812838
11,0.0004212050726645
12,0.8248875208742258
13,0.8337242937704976
14,0.8529308533834232
15,0.8494858922902216
16,0.9132948554361692
17,0.923771578457194
18,0.9238310663461112
19,0.9238310708898776
