parameters,fidelity
5.0,0.8585743385823886
13.0,0.9433516730577614
21.0,0.9897027582831784
29.0,0.9996534450541692
