eval,fidelities_cost
0,0.237685705223652
1,0.4545085613311871
2,0.0397622204621885
3,0.5556526948916826
4,0.5088770372210569
5,0.4930228134000581
6,0.0172825727020103
7,0.4906905956046547
8,0.4920867654927638
9,0.5142323513484013
10,0.6009612173901326
11,0.8465404102797082
12,0.8742479497443184
13,0.8730812634635274
14,0.8717663527304973
15,0.8731260878576651
16,0.8778090138877299
17,0.8943606347651656
18,0.923502585366644
19,0.923830337659484
20,0.9238310707981796
21,0.9238310708891874
