eval,fidelities_cost
0,0.0214908275527333
1,0.1285458097781856
2,0.0355178340520498
3,0.2931978202767363
4,0.4136625385461106
5,0.5539724800150704
6,0.597480694309343
7,0.6464156288181538
8,0.77954594187179
9,0.7422816059097352
10,0.6864821935440483
11,0.7306474068885961
12,0.7143607858323155
13,0.7167299298066135
14,0.7171582155426076
15,0.717194180783256
