eval,fidelities_cost
0,0.2163607720763427
1,0.6173371676580471
2,0.4328804227452049
3,0.6126072824753198
4,0.6720214353731216
5,0.0085510865032083
6,0.6965433342993593
7,0.793988285195014
8,0.7840687899393304
9,0.7994899524182988
10,0.794384075449842
11,0.7939892531373356
12,0.793990460624885
13,0.7589629967900868
14,0.7918905417547051
15,0.7940077559202412
16,0.793990472530432
17,0.793990460624886
18,0.7939904606248891
19,0.793990460624886
