parameters,fidelity
5.0,0.8585743385823886
13.0,0.9434046266145104
21.0,0.9909678002295952
29.0,0.9991144828024984
