parameters,fidelity
5.0,0.8585743385823886
10.0,0.9437592497030652
15.0,0.946436368895223
20.0,0.9456571014626656
25.0,0.9450785624988692
30.0,0.9442115196385108
