eval,fidelities_cost
0,0.0032359315529625
1,0.0184234698013741
2,0.1423649809849335
3,0.3078443354101715
4,0.365760065230312
5,0.4312995052771441
6,0.5311571739575204
7,0.6226209108116242
8,0.7090912092073446
9,0.7752696321907595
10,0.8050481872858705
11,0.7785948111543297
12,0.7753172718598403
13,0.7752696345953006
14,0.7752696321907595
15,0.7752696321907595
