,backend,operator,archt,qubits,layers,parameters,shots,samples,mean,std
0,aer_simulator,Paulis,linear,5,0,5,1000,18,0.0136894729317754,0.007538550778827
1,aer_simulator,Paulis,linear,5,2,15,1000,18,0.0203082549990851,0.01785210992959
2,aer_simulator,Paulis,linear,5,3,20,1000,18,0.0152999075818316,0.0110108966463884
3,aer_simulator,Paulis,linear,5,4,25,1000,18,0.0130436950453764,0.009273853221897
4,aer_simulator,Paulis,linear,5,5,30,1000,18,0.0223570973433375,0.022548496604225
5,aer_simulator,Paulis,linear,5,6,35,1000,18,0.0145445373573106,0.0120860068449122
