,backend,operator,archt,qubits,layers,parameters,shots,samples,mean,std
0,aer_simulator,Sato21,linear,5,0,5,1000,18,0.0126132387428043,0.010362159429938
1,aer_simulator,Sato21,linear,5,2,15,1000,18,0.0177151505266627,0.0161235230482833
2,aer_simulator,Sato21,linear,5,3,20,1000,18,0.0162163618444662,0.0109218772110407
3,aer_simulator,Sato21,linear,5,4,25,1000,18,0.0153295191170452,0.0111787394453374
4,aer_simulator,Sato21,linear,5,5,30,1000,18,0.0187410274982445,0.0114469578058078
5,aer_simulator,Sato21,linear,5,6,35,1000,18,0.0202469230676645,0.0161565345410937
