,backend,operator,archt,qubits,layers,parameters,shots,samples,mean,std
0,aer_simulator,SatoLiu21,linear,5,0,5,1000,18,0.0171412784163705,0.0118875891640534
1,aer_simulator,SatoLiu21,linear,5,2,15,1000,18,0.0213244557758208,0.0144229742157791
2,aer_simulator,SatoLiu21,linear,5,3,20,1000,18,0.0170289630599232,0.0155277915378148
3,aer_simulator,SatoLiu21,linear,5,4,25,1000,18,0.0172607919166451,0.0149011159144519
4,aer_simulator,SatoLiu21,linear,5,5,30,1000,18,0.0150681879766601,0.0164739908540068
5,aer_simulator,SatoLiu21,linear,5,6,35,1000,18,0.0142062577745148,0.0133907846179883
