,backend,operator,archt,qubits,layers,parameters,shots,samples,mean,std
0,ibmq_ehningen,SatoLiu21_efficient,linear,5,0,5,1000,18,0.1217048183206578,0.1016451656306305
1,ibmq_ehningen,SatoLiu21_efficient,linear,5,2,15,1000,18,0.2558593885896312,0.1055906508220641
2,ibmq_ehningen,SatoLiu21_efficient,linear,5,3,20,1000,18,0.1943156571893926,0.1323705998535579
3,ibmq_ehningen,SatoLiu21_efficient,linear,5,4,25,1000,18,0.2438712132762074,0.0819335299804213
4,ibmq_ehningen,SatoLiu21_efficient,linear,5,5,30,1000,18,0.215971367006707,0.1157874717452362
5,ibmq_ehningen,SatoLiu21_efficient,linear,5,6,35,1000,18,0.2234931878259823,0.1085133096080867
