,backend,operator,archt,qubits,layers,parameters,shots,samples,mean,std
0,ibmq_ehningen,Paulis,linear,5,0,5,1000,18,0.020918099731481,0.0300016775281716
1,ibmq_ehningen,Paulis,linear,5,1,10,1000,18,0.1326154859258331,0.0713055053036122
2,ibmq_ehningen,Paulis,linear,5,2,15,1000,18,0.1796632790775197,0.1149623435930606
3,ibmq_ehningen,Paulis,linear,5,3,20,1000,18,0.1809210427658033,0.1196875674019134
4,ibmq_ehningen,Paulis,linear,5,4,25,1000,18,0.2250790687732443,0.1138705034593541
5,ibmq_ehningen,Paulis,linear,5,5,30,1000,18,0.1928525542936421,0.1051779572424614
6,ibmq_ehningen,Paulis,linear,5,6,35,1000,18,0.2174176476833972,0.1285360589311058
