,backend,operator,archt,qubits,layers,parameters,shots,samples,mean,std
3,ibmq_ehningen,constant,linear,5,0,5,1000,18,0.3739381416979487,0.2523782445709266
7,ibmq_ehningen,constant,linear,5,1,10,1000,18,0.3930049881514762,0.6840645581253345
11,ibmq_ehningen,constant,linear,5,2,15,1000,18,0.3980426750991193,0.3144591589037978
15,ibmq_ehningen,constant,linear,5,3,20,1000,18,0.2985242551189557,0.2421435822862525
19,ibmq_ehningen,constant,linear,5,4,25,1000,18,0.2621079674204211,0.2050525782853656
23,ibmq_ehningen,constant,linear,5,5,30,1000,18,0.3313268070643864,0.2987309076232086
27,ibmq_ehningen,constant,linear,5,6,35,1000,18,0.2445864867054027,0.1736550107691536
