,backend,operator,archt,qubits,layers,parameters,shots,samples,mean,std
0,ibmq_ehningen,SatoLiu21,linear,5,0,5,1000,18,0.0262606984188838,0.017571709770551
2,ibmq_ehningen,SatoLiu21,linear,5,1,10,1000,18,0.1531935108750049,0.0623837221423568
3,ibmq_ehningen,SatoLiu21,linear,5,2,15,1000,18,0.1455186348046391,0.0637880248633798
4,ibmq_ehningen,SatoLiu21,linear,5,3,20,1000,18,0.1413689827945163,0.0742069068404933
5,ibmq_ehningen,SatoLiu21,linear,5,4,25,1000,18,0.1690390579957589,0.0833920168191004
6,ibmq_ehningen,SatoLiu21,linear,5,5,30,1000,18,0.1558386138780079,0.0768557973964857
7,ibmq_ehningen,SatoLiu21,linear,5,6,35,1000,18,0.1686449530024141,0.0900737589792607
