,backend,operator,archt,qubits,layers,parameters,shots,samples,mean,std
3,ibmq_ehningen,constant,linear_alternating,2,3,8,1000,18,0.3012119436872539,0.2545207742685896
7,ibmq_ehningen,constant,linear_alternating,3,3,15,1000,18,0.530209861012046,0.8595125228381686
11,ibmq_ehningen,constant,linear_alternating,4,3,22,1000,18,0.2711457853480364,0.2589419929063509
15,ibmq_ehningen,constant,linear_alternating,5,3,29,1000,18,0.3667132490614435,0.3977227134944462
18,ibmq_ehningen,constant,linear_alternating,7,3,43,1000,18,0.2498896942550245,0.2620693364174528
21,ibmq_ehningen,constant,linear_alternating,10,3,64,1000,18,0.1896002286009842,0.1713230738460394
