,backend,operator,archt,qubits,layers,parameters,shots,samples,mean,std
0,ibmq_ehningen,Paulis,linear_alternating,2,3,8,1000,18,0.0288085740307693,0.0335548401215894
1,ibmq_ehningen,Paulis,linear_alternating,3,3,15,1000,18,0.0503861365430397,0.0700414906275231
2,ibmq_ehningen,Paulis,linear_alternating,4,3,22,1000,18,0.0404974637232441,0.0308463500521273
3,ibmq_ehningen,Paulis,linear_alternating,5,3,29,1000,18,0.1773185222641868,0.0807348211793272
