,backend,operator,archt,qubits,layers,parameters,shots,samples,mean,std
0,ibmq_ehningen,Sato21,linear,5,0,5,1000,18,0.1381149349213949,0.1030942249246861
1,ibmq_ehningen,Sato21,linear,5,1,10,1000,18,0.258506970807872,0.2472023641801439
2,ibmq_ehningen,Sato21,linear,5,2,15,1000,18,0.2477720676161316,0.1092138363316494
3,ibmq_ehningen,Sato21,linear,5,3,20,1000,18,0.1835198845425738,0.1072273074295759
4,ibmq_ehningen,Sato21,linear,5,4,25,1000,18,0.2316605381191635,0.0856044134791301
5,ibmq_ehningen,Sato21,linear,5,5,30,1000,18,0.2002670099606001,0.0993672616642582
6,ibmq_ehningen,Sato21,linear,5,6,35,1000,18,0.1858450540431765,0.1119851186655569
